AAACGAAGTACCAGAG	chr7.G1	2
AAACGCTTCGGTGTAT	chr10.G1	2
AAAGGATTCTCAATCT	chr11.G1	1
AAAGTCCAGGCGTTAG	chr9.G1	1
AAAGTCCTCCGCTGTT	chr2.G1	1
AAAGTCCTCCGCTGTT	chr5.G1	1
AAAGTCCTCTCCTACG	chr9.G2	1
AAAGTGAAGTCCCTAA	chr4.G2	1
AAAGTGAAGTCCCTAA	chr6.G1	1
AAAGTGACAGGTGTGA	chr11.G1	1
AACAACCAGCAGTAAT	chr7.G1	2
AACACACAGGCATGCA	chr8.G1	1
AACCATGTCATTGTGG	chr9.G1	1
AACCCAAAGGCACCAA	chr7.G1	1
AACGAAAGTTGGAGAC	chr7.G1	1
AACGGGACAGACGGAT	chr5.G2	1
AACGTCAGTCTGCGCA	chr7.G1	3
AACGTCATCAGCCCAG	chr7.G1	1
AACTTCTGTCGAGTTT	chr6.G1	1
AAGAACAAGCTGGTGA	chr19.G1	1
AAGACTCTCACTGTCC	chr17.G2	1
AAGCATCGTAAGATCA	chr1.G2	1
AAGCCATCACGTACTA	chrX.G2	1
AAGGAATCAGGGACTA	chr13.G2	4
AAGTCGTAGTCGAATA	chr6.G2	1
AAGTGAAGTGAGAACC	chr7.G2	1
AATCACGTCAGCTTCC	chr6.G1	1
AATGGAAGTCTACACA	chr8.G2	1
AATGGCTAGACCAACG	chr18.G2	1
AATGGCTAGAGATCGC	chr7.G2	1
ACAACCACAGAACTTC	chr18.G2	2
ACAGAAAAGTAAACTG	chr15.G1	1
ACAGCCGAGGAGGTTC	chr6.G1	2
ACAGGGACAGGAAGTC	chr7.G1	1
ACAGGGATCAAACGAA	chr14.G1	1
ACATCCCAGACTTCAC	chr9.G1	1
ACCAACATCAACCGAT	chr7.G2	1
ACCCAAAGTTGGGTAG	chr15.G1	1
ACCTACCAGAGCAAGA	chr9.G1	1
ACCTACCGTGAACGGT	chr11.G1	1
ACCTGAATCCGTGTGG	chr1.G2	1
ACGATGTAGTGAGCCA	chr5.G1	2
ACGATGTGTGACAGGT	chr4.G2	1
ACGATGTTCGGCTTCT	chr7.G1	3
ACGGTCGAGATGTTAG	chr13.G1	3
ACGGTCGCAGTCAACT	chrX.G1	1
ACGGTCGTCCCAAGCG	chr3.G1	1
ACGTCCTAGATAACAC	chr11.G1	1
ACTACGACAGCATCTA	chr6.G2	1
ACTATCTAGACGTCGA	chr2.G2	2
ACTATCTCAAGTTCCA	chr14.G1	2
ACTATGGCAAACGTGG	chr7.G1	1
ACTATTCGTCTCAGAT	chr7.G1	1
ACTCTCGTCTCTTAAC	chr6.G1	1
ACTGTCCTCTTACGTT	chr7.G2	1
ACTTAGGCACAAGCTT	chr8.G1	1
ACTTCGCGTGACTGTT	chr5.G2	2
ACTTTCAAGTTTGAGA	chr10.G2	2
AGAAATGAGTCGTCTA	chr14.G1	2
AGAAGCGAGACGACTG	chr9.G1	1
AGAAGTACAGAATGTA	chr19.G2	2
AGACAAACACAGCTGC	chr7.G1	1
AGACCCGCACAGCTGC	chr8.G2	2
AGACCCGCAGGTTACT	chr17.G1	2
AGACCCGTCAAGCCCG	chr1.G1	2
AGAGCAGGTAGCTTGT	chr1.G1	1
AGAGCCCCAGCTATTG	chr18.G1	2
AGATCCACAACCGTAT	chr7.G1	4
AGATCGTAGGCTCAAG	chr17.G1	1
AGATCGTAGTAAAGCT	chr2.G1	1
AGATGAAGTGCATGTT	chr2.G1	3
AGCATCAGTCTCGGAC	chr11.G1	1
AGCCAATCACACTGGC	chr7.G2	1
AGCCAGCAGCCAAGCA	chr7.G2	1
AGCGATTAGAAAGTCT	chr7.G1	1
AGCGCCACAACTGTGT	chr8.G1	1
AGCGCCACACTCTAGA	chr17.G2	1
AGCGCTGAGGTCATTC	chr17.G1	1
AGCGTCGCAGCGGATA	chr5.G1	1
AGCTCAAAGCATATGA	chr7.G2	1
AGCTCAAAGCGCGTTC	chr5.G1	1
AGCTCAACACACGGTC	chr19.G1	1
AGCTCAATCCATCACC	chr9.G1	1
AGGAAATTCGCAGTTA	chr7.G1	1
AGGACTTTCTACTTCA	chr9.G1	1
AGGAGGTTCACTTGTT	chr12.G2	1
AGGATAAGTATGGTTC	chr11.G1	4
AGGATCTAGACAAGCC	chr3.G1	1
AGGCATTTCAGACCCG	chr5.G2	1
AGGCCACTCTGTTCAT	chr17.G1	1
AGGCTGCGTATAGGGC	chr1.G1	2
AGGGAGTAGATGCCGA	chrX.G1	1
AGGGAGTCAACGCATT	chr8.G1	1
AGGGAGTTCATGGAGG	chr19.G1	1
AGGTTGTGTTAAAGTG	chr5.G2	1
AGTACTGAGCGAACTG	chr17.G2	1
AGTACTGGTATGGTAA	chr14.G1	1
AGTAGCTAGCGATGGT	chr17.G2	2
AGTAGCTAGTCTACCA	chr11.G1	1
AGTCACACAGTCCCGA	chr10.G1	1
AGTCATGCATGTGGTT	chr15.G1	1
AGTCATGTCACCGGTG	chr13.G1	2
AGTGCCGTCAAGTCTG	chr14.G1	3
AGTTCCCTCCTAGCCT	chr9.G1	2
AGTTCGAAGCACTCTA	chr4.G1	1
ATACTTCCACGGTCTG	chr18.G1	1
ATAGAGATCGTGCTCT	chr14.G1	1
ATCACTTTCCATATGG	chr13.G2	2
ATCAGGTAGGCTAACG	chr6.G1	1
ATCAGGTGTCTTGCGG	chr7.G1	1
ATCCCTGAGGTCATAA	chr5.G1	2
ATCCGTCAGCTAGAAT	chr4.G1	1
ATCCGTCCATGAAGCG	chr17.G2	3
ATCCTATAGGTGCGAT	chr4.G1	1
ATCGGCGAGGCACTCC	chr14.G1	2
ATCGGCGTCTAGTTCT	chr10.G1	1
ATCGTAGAGGAGTCTG	chr6.G2	1
ATCTCTACACCGTCTT	chr15.G1	1
ATCTCTACAGGACTTT	chr19.G1	1
ATCTTCATCATCACAG	chr16.G1	1
ATCTTCATCGGCGATC	chr7.G2	1
ATGAAAGAGGTAGCAC	chr10.G1	2
ATGAAAGAGTCGAATA	chr11.G1	1
ATGAAAGTCTAAGAAG	chr3.G2	1
ATGAAAGTCTGGTCAA	chr16.G1	1
ATGACCATCATAAGGA	chr13.G1	1
ATGAGTCAGTCCCAGC	chr8.G1	1
ATGCATGGTTGTGCAT	chr17.G1	1
ATGCCTCCAACACGAG	chr13.G1	1
ATGCCTCGTTCAACGT	chr7.G1	2
ATGGAGGAGCTGTACT	chr8.G1	1
ATGGAGGAGGATGAGA	chr3.G1	1
ATGGATCCACACCTTC	chr5.G1	1
ATGGGTTGTTACCCAA	chr10.G1	2
ATGGTTGCAGTAGTTC	chr9.G1	1
ATGTCTTTCCATTGTT	chr14.G1	1
ATTACTCCACAGAGCA	chr3.G2	1
ATTCAGGGTCCAAGAG	chr8.G2	2
ATTGGGTAGTCATCCA	chr2.G1	1
ATTGGGTGTCTCTCAC	chr1.G1	1
ATTTACCGTTAGGCTT	chr14.G1	1
ATTTCTGCAACAAGTA	chr4.G1	1
CAAAGAACACTTGTCC	chr7.G1	1
CAACAGTTCCTATGGA	chr7.G1	1
CAACGGCCATCTTTCA	chr6.G2	1
CAAGCTATCGCAAGAG	chr19.G1	2
CAAGCTATCGCGTAGC	chr7.G1	1
CACAACACAAGGTTGG	chr8.G1	2
CACAACACAAGGTTGG	chr9.G1	1
CACAGATAGCGTTAGG	chr5.G1	1
CACAGATAGTCGTTAC	chr5.G1	1
CACAGATTCAGCCCAG	chr16.G1	2
CACAGGCAGGTCCTGC	chr5.G2	2
CACCAAATCAGCATTG	chr1.G2	1
CACCGTTTCGGACCAC	chr7.G2	3
CACCGTTTCTTCCAGC	chr7.G2	3
CACGGGTAGTAAAGCT	chr11.G1	1
CACGTGGCAACATACC	chr8.G1	1
CACTAAGTCATTCGTT	chr15.G1	1
CACTGAAGTTGCGGAA	chr14.G1	1
CACTGAATCTGAGGCC	chr7.G2	1
CACTTCGAGCGTGCTC	chr17.G1	3
CACTTCGCATCACCAA	chr3.G1	1
CACTTCGTCACTGGTA	chr5.G1	1
CAGCAATCAATACCCA	chr18.G1	1
CAGCCAGCAGTTACCA	chr12.G1	1
CAGGCCAAGGTAGCAC	chr19.G1	1
CAGGGCTCAAATGAGT	chr10.G1	1
CAGGTATCACGTAACT	chr13.G1	1
CAGTGCGCATAGGAGC	chr9.G1	1
CAGTTAGCAGCTCATA	chr12.G1	1
CAGTTAGGTAGGTTTC	chr15.G1	1
CAGTTCCTCGCATGAT	chr13.G1	3
CATAAGCGTGTTCGAT	chr15.G1	1
CATACAGCACGTAACT	chrX.G1	3
CATACAGGTAATCAGA	chr17.G2	1
CATAGACCAGTCTGGC	chr6.G1	1
CATCCACCACAGAGCA	chr4.G1	1
CATCCCAAGATAGCTA	chr9.G1	1
CATGCAACACTTCCTG	chr7.G2	1
CATGCAACATGGAACG	chr6.G1	1
CATTCATTCGAGTACT	chr11.G1	2
CATTCCGGTATACCTG	chr7.G1	1
CATTCTATCAGTCTTT	chr7.G2	1
CATTGAGAGTCTTCGA	chr5.G1	3
CATTGCCTCATGGGAG	chr11.G2	1
CATTGTTCAACTCATG	chr7.G2	1
CCACAAAGTCTTTATC	chr15.G1	1
CCACACTAGCTCCCTT	chr8.G2	1
CCACCATTCGACCATA	chr13.G1	1
CCACGAGTCAAGTAAG	chr15.G1	1
CCCAACTTCTGCTTTA	chr9.G1	1
CCCATTGTCATCGGGC	chr7.G1	1
CCCGAAGAGCTGCCAC	chr6.G1	1
CCCGAAGTCATCCCGT	chr9.G1	1
CCCGAAGTCCACGTGG	chr10.G1	1
CCCGGAAGTAGGTGCA	chr5.G2	3
CCCTCAAAGATCCGAG	chr4.G1	2
CCCTCTCCAAATTAGG	chr1.G1	1
CCCTGATGTATAGGGC	chr6.G1	1
CCCTTAGAGCAACCAG	chr4.G1	1
CCCTTAGCACACACTA	chr15.G2	1
CCCTTAGTCATTGTTC	chr4.G1	1
CCGAACGCATGACGAG	chr7.G1	1
CCGATCTTCACTGATG	chr11.G1	1
CCGGGTACAGAACGCA	chr19.G1	1
CCGGTGAGTTATGTGC	chr13.G1	1
CCGTGAGGTAGCGCTC	chr7.G1	1
CCGTGAGTCTATCGGA	chr7.G2	1
CCGTTCAGTGACTATC	chr13.G1	2
CCTCAGTTCCCATTTA	chr6.G2	1
CCTCATGTCCGTCACT	chr8.G2	2
CCTCTCCAGGAATTAC	chr5.G2	1
CCTGTTGCACTAACCA	chr11.G1	1
CCTTCAGGTGGAACAC	chr17.G1	2
CCTTGTGAGGCACTCC	chr7.G1	1
CCTTTGGAGTAAACAC	chr4.G2	1
CGAAGTTCATACACCA	chr8.G1	1
CGACAGCTCAATCCGA	chr19.G1	1
CGAGAAGAGGATATAC	chr2.G1	1
CGAGGAACAGGATGAC	chr17.G1	1
CGAGGAACATGTTTGG	chr5.G2	3
CGAGTTAGTTAATCGC	chr19.G1	1
CGAGTTAGTTCTGACA	chr10.G1	1
CGATGGCTCTCCGTGT	chr7.G1	1
CGCATAAGTGTTCGTA	chr9.G1	1
CGCATGGGTGATAGTA	chr9.G2	1
CGCCATTCAATTTCTC	chr13.G1	2
CGCGTGACAACATACC	chr2.G1	1
CGCGTGATCACGAACT	chr13.G2	4
CGGAACCGTCCGCAGT	chr6.G1	1
CGGAATTCACCCTTAC	chr7.G1	1
CGGACACCAGAATTCC	chr2.G2	1
CGGACACCAGAATTCC	chr5.G1	2
CGGACACTCTTTGCTA	chr7.G2	1
CGGGACTTCTGGGCAC	chr7.G1	1
CGGGACTTCTGGGCAC	chr7.G2	1
CGGGCATTCCATCAGA	chr17.G1	1
CGGGTGTTCTTTCCGG	chr3.G2	2
CGTAGTAGTTGCCTAA	chr17.G2	1
CGTCAAAGTTCAAACC	chr16.G2	1
CGTCAAATCATGAGTC	chr10.G2	1
CGTGATATCTGGTTGA	chr19.G1	1
CGTTCTGAGCAAGGAA	chr16.G2	1
CGTTCTGCATCCTGTC	chr2.G1	1
CGTTCTGTCGTCGGGT	chr7.G1	1
CTAACTTTCGCGGACT	chr17.G1	1
CTAACTTTCGCGGACT	chr3.G1	1
CTACATTTCGACGTCG	chr12.G2	1
CTACCTGAGAATCTAG	chr7.G2	1
CTACCTGGTGAATATG	chrX.G2	1
CTACTATGTGTCCATA	chr8.G1	1
CTACTATGTTTGTGGT	chr11.G1	1
CTACTATTCAGTCACA	chr13.G2	4
CTAGACAAGAGCTTTC	chr9.G1	1
CTAGGTACAAATTGGA	chr12.G1	1
CTATAGGCATGAAGGC	chr14.G1	2
CTATAGGGTGAGGAAA	chr11.G1	1
CTATCTAAGGTAGATT	chr5.G1	1
CTCAACCCAAACTCGT	chr10.G1	1
CTCAAGAGTCATCGGC	chr19.G1	2
CTCAATTCAACTGCTA	chr14.G1	1
CTCAGAAAGCTGAAGC	chr8.G1	1
CTCAGAACACCTTCGT	chr5.G1	1
CTCAGGGCACGAAGAC	chr5.G1	1
CTCAGTCAGGAACTAT	chrX.G1	1
CTCAGTCCATGTGGCC	chr19.G2	2
CTCAGTCGTGGATCAG	chr4.G1	1
CTCATCGAGCGCAATG	chr10.G1	1
CTCATCGCATAGTCGT	chr11.G2	1
CTCATGCGTTCTCAGA	chr7.G2	1
CTCCAACCAATTAGGA	chr10.G1	1
CTCCATGAGGAAGTCC	chr5.G1	1
CTCCCAAAGCTGTGCC	chrX.G1	2
CTCCTCCGTTGCATGT	chr9.G1	2
CTCCTTTCAGAATGTA	chr7.G1	1
CTCTGGTGTCCTATAG	chr1.G2	1
CTGAGCGGTTATGTCG	chr5.G1	1
CTGAGCGTCATAGGCT	chr11.G1	1
CTGATCCCACGCTGCA	chr7.G1	1
CTGCATCGTAACTAAG	chr13.G1	1
CTGCCTATCTTAGCTT	chr18.G1	1
CTGGACGGTGACCGAA	chr1.G2	1
CTGGCAGAGACAAGCC	chr3.G1	1
CTGGTCTGTCCGGTCA	chr9.G1	1
CTGGTCTTCAAGTGGG	chr15.G2	1
CTGTATTCACTAGGCC	chr7.G2	2
CTGTCGTCAAATGCGG	chr2.G1	2
CTTAGGACAGGCATGA	chr12.G1	1
CTTCCGATCTCACCCA	chr5.G1	1
CTTCTAAAGAATCGAT	chr7.G2	2
CTTCTCTAGACTCGAG	chr4.G1	1
CTTCTCTAGTCTCTGA	chr15.G2	2
CTTGATTAGGCTCTAT	chr11.G1	1
CTTGATTCACACACGC	chr13.G1	1
CTTTCAACAGTCGTTA	chr16.G1	1
GAAATGACACGTAGTT	chr5.G2	1
GAACACTCAACCCTCT	chr3.G1	1
GAACGTTCAGGTCAAG	chr16.G1	1
GAACTGTAGCTGCCTG	chr13.G1	1
GAACTGTAGGGAGTGG	chr13.G2	1
GAACTGTTCACTTATC	chr2.G1	1
GAACTGTTCTTCTGTA	chr7.G1	1
GAAGAATCACAGCTTA	chr7.G1	1
GAAGCGAAGAGGGCGA	chr7.G1	1
GAAGCGAGTTATGACC	chr14.G2	1
GAAGGACTCCGAGTGC	chr7.G1	1
GAATCACCACGCTGAC	chr12.G1	1
GACACGCAGTCTAGCT	chr7.G1	1
GACACGCTCTAAACGC	chr10.G2	1
GACATCAAGGTTCAGG	chr2.G1	1
GACATCATCCTACCGT	chr6.G1	2
GACCAATCATTGCTTT	chr10.G1	1
GACCGTGCAGTGGGTA	chr4.G1	1
GACGTTATCAGATTGC	chr8.G1	1
GACTATGGTAAGCTCT	chr17.G2	1
GACTGATTCGGCCCAA	chr11.G1	1
GAGAGGTTCATTTACC	chr16.G1	1
GAGAGGTTCTCTCCGA	chr7.G1	1
GAGATGGTCGGTGTTA	chr11.G2	2
GAGGCAAAGATTAGCA	chr16.G1	1
GAGGGATCAGGACAGT	chr18.G2	1
GAGGGATCATCCTGTC	chr6.G1	1
GAGTCATAGAAACCAT	chr10.G1	1
GAGTCATAGATTAGTG	chr16.G2	1
GATAGAAAGCGTTACT	chr5.G1	1
GATAGAATCATTTCCA	chr3.G1	2
GATAGCTAGGCATTTC	chr10.G1	1
GATAGCTCACACACGC	chr4.G1	1
GATCACAAGCTGGCCT	chr6.G1	1
GATCAGTGTCATGGCC	chr8.G1	1
GATCATGAGACTACGG	chr19.G1	4
GATCATGTCTATGCCC	chr4.G2	1
GATCCCTGTCATCAGT	chr9.G1	1
GATCCCTTCGCGATCG	chr7.G1	1
GATGCTACAACCCGCA	chr7.G1	3
GATTCTTAGCGAGAAA	chr5.G1	1
GCAACCGAGCGAGTCA	chr6.G1	1
GCACGTGAGTTACTCG	chr8.G1	1
GCACTAATCACCACAA	chr5.G2	1
GCACTAATCCTCTAAT	chr6.G1	1
GCAGCCACAAGCGGAT	chr11.G1	2
GCAGGCTCAAGCCTGC	chr17.G1	1
GCATCGGTCCGATAGT	chr2.G2	1
GCCAGCAAGGAAGAAC	chr12.G2	1
GCCGTGAGTACAGTTC	chr10.G1	1
GCCTGTTCAGGCTCTG	chr5.G1	1
GCCTGTTGTTAGAGTA	chr16.G1	1
GCGAGAAGTCCGAAAG	chr4.G1	1
GCGAGAATCCTCTAAT	chr7.G2	1
GCGATCGCAGTAGAAT	chr16.G1	4
GCGTGCAAGGACAAGA	chr14.G1	1
GCTTCACGTTTGGAGG	chr7.G2	2
GCTTTCGCAATTGTGC	chr1.G1	3
GGAATCTGTGCCGTTG	chr2.G1	1
GGAATGGGTACCTAAC	chr11.G1	1
GGAGAACCAATCGCCG	chr11.G2	1
GGCTGTGGTATGAGAT	chr5.G2	1
GGGAAGTGTAGGCTCC	chr16.G2	1
GGGAAGTGTAGGCTCC	chr4.G1	1
GGGACAACAGAGGGTT	chr5.G1	1
GGGACCTGTACCTGTA	chr3.G1	1
GGGAGATGTCGCGGTT	chr5.G1	1
GGGAGTAAGGTAAACT	chr7.G2	2
GGGATGACATCATCTT	chr7.G1	1
GGGCCATGTCAGTCGC	chr10.G1	1
GGGCGTTAGGCCTTCG	chr7.G2	1
GGGTATTTCCACACCT	chr2.G1	1
GGGTCACAGTAAACGT	chr8.G2	1
GGGTGTCGTGACAACG	chr6.G1	1
GGGTGTCTCCACAAGT	chr5.G1	1
GGGTTTACATGAGGGT	chr11.G1	1
GGTAACTGTCGAATTC	chr13.G1	1
GGTAACTTCCTGTTAT	chr16.G1	1
GGTAATCCAATTGCAC	chr3.G1	2
GGTCACGTCAAAGCCT	chr18.G1	1
GGTTGTAAGGTCTACT	chr9.G1	1
GGTTGTAGTTGGACTT	chr7.G1	1
GTAACACTCTAAACGC	chr7.G2	1
GTAACCACATAACGGG	chr4.G1	1
GTACAACAGATGAACT	chr10.G1	1
GTACAACTCCTTTAGT	chr2.G1	1
GTAGAAAAGAGCCTGA	chr11.G1	1
GTAGAAAAGCGCCATC	chr14.G1	2
GTAGAGGAGTAACAGT	chr9.G2	3
GTAGGAGGTGTTCAGT	chr8.G1	2
GTATTTCGTTATCTTC	chr6.G1	1
GTCAAACTCTCAGTCC	chr4.G1	2
GTCACGGGTTCTCCCA	chr11.G2	1
GTCATCCTCGGACTGC	chr19.G2	1
GTCATGAGTCGGAACA	chr10.G1	1
GTCCACTGTAGTCACT	chr10.G1	1
GTCTAGAAGGCATCTT	chr18.G1	4
GTCTCACGTCGATTCA	chr10.G1	1
GTCTCACTCATGGTAC	chr12.G1	1
GTCTTTAAGTGCCAGA	chr2.G1	1
GTCTTTACAACCACAT	chr9.G2	1
GTGAGCCTCTCGGTCT	chr1.G1	1
GTGAGGATCGGCGATC	chr10.G1	1
GTGCAGCGTCTACGAT	chr6.G2	2
GTGGAAGGTGTGACCC	chr3.G1	1
GTGGAAGTCTCGACGG	chr13.G2	1
GTGGAAGTCTCTGACC	chr19.G2	1
GTGTTAGGTAATGATG	chr4.G2	2
GTGTTAGGTACAGCGA	chr2.G1	1
GTGTTCCCACACACGC	chr11.G1	3
GTTACAGCATGTGGTT	chr7.G2	3
GTTACAGTCAGCAATC	chr6.G1	1
GTTAGACCACCACATA	chr5.G1	1
GTTAGACCAGTGGCTC	chr13.G1	1
GTTAGTGAGTTAACAG	chr17.G2	1
GTTCTATTCGTAACTG	chr17.G1	1
GTTGCGGTCCACTGGG	chr3.G1	1
GTTGTCCGTACTTCCC	chr11.G1	1
GTTGTCCGTATCGCTA	chr11.G1	1
GTTGTGACAGGCATGA	chr5.G1	2
GTTTACTGTTTCGTTT	chr5.G1	1
GTTTGGATCCATTCGC	chr13.G2	1
TAACACGTCCGCCTAT	chr3.G2	1
TAAGCACTCCCATAGA	chr10.G1	1
TAAGCCAGTGGCTGCT	chr15.G1	1
TAAGCCATCAACGAGG	chr8.G1	1
TAAGTCGGTAACGCGA	chr9.G1	1
TAATTCCCATAGGCGA	chr2.G2	1
TAATTCCGTGAGTCAG	chr7.G1	1
TACATTCAGAGTGGCT	chr16.G1	1
TACATTCCAAGACCTT	chr9.G1	1
TACCCACTCATCGGGC	chr7.G2	2
TACTGCCGTAAGCAAT	chr7.G1	1
TACTGCCGTGCCGTTG	chr1.G1	4
TACTTACAGGAGATAG	chr5.G1	1
TACTTACTCCAACTGA	chr8.G1	3
TAGAGTCAGCAGCCTC	chr18.G2	1
TAGATCGCACGTTCGG	chr7.G1	1
TAGGGTTTCAGGCGAA	chr6.G1	1
TAGTGCACAGCAGTGA	chr7.G1	1
TAGTGCAGTGGTACAG	chr17.G1	3
TAGTGCATCATCACAG	chr11.G1	1
TATACCTCACGGTGAA	chr5.G1	2
TATATCCCAGGTATGG	chr8.G1	1
TATCGCCTCCAAGCCG	chr3.G2	1
TATTGGGAGACTACCT	chr5.G1	1
TATTTCGAGTACTCGT	chr15.G2	1
TCAAGTGAGAGCATCG	chr5.G1	1
TCAAGTGGTAGCCCTG	chr9.G1	1
TCACATTAGCATGTTC	chr16.G2	1
TCACGGGAGCTGGCCT	chr5.G1	3
TCAGGGCAGGGCAATC	chr4.G2	1
TCAGGGCTCGATTTCT	chr12.G2	1
TCAGGTAAGGTAGATT	chr3.G1	1
TCAGTTTAGCTACGTT	chr17.G1	1
TCATATCCATAGTCGT	chr5.G2	1
TCATCATGTCAAAGCG	chr3.G1	1
TCATCATGTTGATCGT	chr6.G1	2
TCATCCGAGTTCGCAT	chr3.G1	1
TCCACCATCACCATGA	chr15.G2	1
TCCACGTAGTCAATCC	chr7.G1	1
TCCAGAAGTGGCCACT	chr3.G1	1
TCCATCGTCATGGAGG	chr18.G2	2
TCCCAGTCAGAGTTCT	chr4.G1	2
TCCGATCAGTAGGATT	chr1.G1	1
TCCTCCCCATTGACAC	chr2.G2	2
TCCTCGACATGCCGAC	chr9.G1	1
TCCTCTTAGTAGTGCG	chr9.G1	1
TCCTCTTCAAGTGGGT	chr3.G1	2
TCCTCTTCAGGGTCTC	chr7.G2	1
TCCTGCATCTACCAGA	chr1.G2	1
TCCTTCTAGCAGGTCA	chr12.G2	1
TCGAAGTCACGCGTGT	chr11.G1	3
TCGAAGTTCCGAGAAG	chr9.G1	3
TCGACCTGTACCCAGC	chr3.G2	1
TCGATTTGTAAGATTG	chrX.G2	1
TCGCACTGTGCATTTG	chr17.G1	1
TCGCACTTCGCATAGT	chr17.G1	1
TCGCACTTCGCATAGT	chr18.G1	2
TCGCACTTCTGGGCAC	chr7.G1	1
TCGCAGGCAAGTATAG	chr7.G1	1
TCGCTTGGTATGTGTC	chr1.G1	2
TCGCTTGGTCCGGCAT	chr6.G1	2
TCGGATAGTCAAAGTA	chr6.G1	2
TCGGATAGTGCCTGCA	chr16.G1	1
TCGGATATCAAAGGAT	chr7.G1	2
TCGGATATCTTCGATT	chr9.G1	1
TCGGGCAAGCGTGCCT	chr19.G1	1
TCGGGCAGTTCCTAAG	chr1.G1	1
TCGGTCTCATGCACTA	chr7.G2	1
TCGTGGGTCTCGTTTA	chr13.G2	3
TCTAACTGTCACTCAA	chr4.G1	1
TCTACATGTCGGTACC	chr4.G2	1
TCTACCGCAACCGTGC	chr19.G1	2
TCTATACCAGCTCCTT	chr2.G1	2
TCTATCATCCTCAGAA	chr11.G1	1
TCTCTGGCAGATTCGT	chr2.G1	3
TCTCTGGCATCTGGGC	chr5.G1	1
TCTGCCAAGCCTAGGA	chr9.G1	1
TCTGGCTAGAGCCGTA	chr4.G1	1
TCTGTCGAGGTGATAT	chr8.G1	1
TCTGTCGCAAGTTCCA	chr4.G1	3
TCTGTCGGTTACAGCT	chr5.G1	1
TCTTCCTCAAAGAGTT	chr10.G1	2
TCTTGCGGTACGAGTG	chr7.G2	1
TCTTGCGGTGGACCAA	chr11.G1	2
TGAATGCTCGCCAGAC	chr6.G1	1
TGACAGTAGTAGTCTC	chr4.G1	1
TGACTCCCAACGATCT	chr8.G2	1
TGACTCCCAGGACTTT	chr10.G1	1
TGACTCCGTGGCTGAA	chr17.G2	1
TGAGACTTCGCCAGAC	chr6.G2	1
TGAGGAGCAGCCTATA	chr7.G1	1
TGAGGAGCATAGTCAC	chr4.G2	1
TGAGGGATCTTCTCAA	chr4.G1	1
TGATCAGGTACGGATG	chr7.G1	1
TGATTTCGTTGTGGAG	chr5.G1	1
TGCAGATCAACGTTAC	chr9.G2	1
TGCAGGCAGACCATTC	chr1.G1	1
TGCAGTACACTTGGGC	chr5.G2	2
TGCATGACAAATCGGG	chr4.G1	1
TGCGACGAGCCGTAAG	chr4.G1	1
TGCGATATCGCTTACC	chr5.G1	1
TGCGGGTTCTATCGTT	chr17.G2	1
TGCTCCATCAGGGATG	chr6.G1	1
TGCTGAACAGTCTCTC	chr6.G1	1
TGGAGAGAGATAGTGT	chr10.G1	1
TGGAGGACAGTATACC	chr8.G2	2
TGGATCATCTAACGGT	chr7.G1	1
TGGCGTGGTATCGTTG	chr5.G1	3
TGGGCTGAGATACTGA	chrX.G2	1
TGGGCTGCAGTCTGGC	chr14.G1	1
TGGGTTATCCGGACTG	chr7.G2	1
TGGTAGTCAGAAGCTG	chr2.G2	2
TGGTAGTTCTCTATGT	chr11.G1	1
TGGTTAGAGCCGTTGC	chr9.G1	1
TGTAACGGTAGACAAT	chr7.G1	1
TGTAACGGTGGCTTAT	chr15.G1	1
TGTCCACAGTAGGCCA	chr11.G1	2
TGTCCTGCACAAGCTT	chr1.G1	1
TGTGGCGCAAAGGGTC	chr1.G1	1
TGTGTGAAGTTCCAGT	chr4.G1	1
TGTTACTGTCGTCTCT	chr12.G2	1
TGTTCCGCAGGATGAC	chr4.G1	2
TGTTCTAAGCCACTCG	chr11.G1	1
TGTTCTATCCAACTGA	chr19.G1	1
TGTTCTATCTAGGAAA	chr14.G1	1
TTAATCCAGACTTCGT	chr4.G1	1
TTACAGGAGGCATGCA	chr18.G1	1
TTACCATAGACACACG	chr17.G2	3
TTACCGCGTATCGATC	chr7.G1	1
TTACGTTAGGGACACT	chr5.G1	2
TTATTGCAGCTAGTTC	chr16.G2	1
TTCAATCTCAGACCGC	chr14.G1	2
TTCACCGCAAGTTGGG	chr10.G1	4
TTCACGCTCTCTTAAC	chr3.G1	1
TTCAGGAGTAACACGG	chr8.G1	1
TTCATTGAGTCTGTAC	chr13.G2	2
TTCATTGCATCAGCGC	chr6.G1	1
TTCCACGCAGGATCTT	chr6.G1	2
TTCCGGTAGCAATTCC	chr7.G1	1
TTCCGGTCACCTATCC	chr14.G1	1
TTCCGTGGTTGCTAGT	chr13.G1	1
TTCCTAAGTACGCGTC	chr10.G1	1
TTCCTAAGTACGCGTC	chr3.G1	1
TTCCTAAGTCGTGCCA	chr8.G1	1
TTCGGTCGTTGTGGAG	chr15.G1	1
TTGACCCGTTGGCCTG	chr10.G1	2
TTGACCCGTTGGCCTG	chr17.G1	1
TTGCGTCAGGGTGGGA	chr14.G1	1
TTGGATGCACTATGTG	chr6.G1	1
TTGGATGGTAGTCTGT	chr9.G2	1
TTGGGATAGCTGGTGA	chr4.G1	1
TTGGGATTCCACACCT	chr14.G2	3
TTGGGTAGTCGGTAAG	chr8.G1	1
TTGGTTTAGTCGGCAA	chr4.G1	2
TTGTGTTCAAAGGGCT	chr8.G1	1
TTGTGTTCAGTCGTTA	chr12.G1	2
TTGTTCACAACGACAG	chr11.G2	3
TTGTTCACAGAGCCCT	chr17.G1	1
TTTACGTCAGGAACCA	chr14.G1	3
TTTAGTCTCATCAGTG	chr5.G1	2
TTTATGCGTCAACGCC	chr14.G2	1
TTTCAGTTCAACGCTA	chr15.G1	1
TTTCAGTTCCTACGAA	chr8.G2	1
TTTCATGTCATGAGAA	chr11.G1	2
TTTGACTCAGAATGTA	chr18.G2	1
TTTGGAGCAGCGACAA	chr8.G2	1
TTTGTTGAGTCATCCA	chr2.G1	1
TTTGTTGGTAACCCTA	chr15.G2	2
TTTGTTGGTCAGATTC	chr12.G1	2
TTTGTTGGTGGTCTTA	chr7.G1	1
TTTGTTGTCCCTAGGG	chr7.G1	1
