AAACCCACATTGAAAG	chr12.G2	3
AAACGCTAGGCGAAGG	chr18.G1	3
AAAGAACAGCACTAAA	chr7.G2	1
AACAGGGAGCATCGAG	chr8.G1	2
AACCAACAGATACATG	chr7.G1	2
AACCACAGTTCCGGTG	chr17.G2	1
AACCATGCACGCGTCA	chr1.G1	1
AACGAAATCACCCTTG	chr4.G2	1
AAGAACAGTGTCCCTT	chr2.G1	1
AAGACTCCAGCGAGTA	chr11.G1	5
AAGACTCGTCTGTAAC	chr1.G2	3
AAGACTCTCCAATCTT	chr3.G1	1
AAGATAGTCTCTATGT	chr6.G1	1
AAGTCGTCAATTGTGC	chr4.G1	1
AATAGAGCATGGGAAC	chr7.G1	1
AATCACGTCTATTTCG	chr18.G1	1
AATCGACCAGCACAGA	chr14.G1	1
AATCGTGGTACCACGC	chr19.G2	1
AATGAAGGTCTGTAGT	chr2.G1	1
AATGCCATCCAAGCTA	chr7.G2	1
ACAAAGAGTGTCTTGA	chr18.G1	1
ACAAAGAGTTCTATCT	chr6.G1	2
ACAAGCTGTCATCGCG	chr4.G2	1
ACACCAAGTGGGTATG	chr6.G1	1
ACACCAATCCGCAGTG	chr15.G1	2
ACACCAATCGTAGCTA	chr3.G1	1
ACACGCGAGATTGATG	chr1.G1	1
ACACGCGTCTACTGAG	chr2.G2	1
ACAGAAACAGCATCTA	chr5.G1	1
ACATCGAAGGAGCAAA	chr18.G2	1
ACATCGAAGGAGCAAA	chr3.G1	1
ACCAAACTCAGCTTGA	chr7.G1	1
ACCAACATCTACCTTA	chr4.G2	1
ACCACAAGTCACGCTG	chr10.G1	1
ACCCAAATCAGACCGC	chr9.G1	1
ACCGTTCCAGGCTTGC	chr8.G1	1
ACGATGTGTTAGAGAT	chr11.G2	1
ACGGGTCAGCTGGAGT	chr17.G1	1
ACGGGTCCATGGAAGC	chr8.G2	1
ACGGTCGGTACCGGCT	chr19.G1	1
ACGGTCGTCCGACAGC	chr7.G1	1
ACGGTCGTCTTACCGC	chr3.G2	1
ACGTACAAGAAATTCG	chr7.G2	1
ACGTACAAGCAGCAGT	chr14.G1	1
ACGTAGTCAAACTGCT	chr4.G2	1
ACTATCTAGAGCCTGA	chr11.G1	1
ACTATTCAGGTGCTAG	chr9.G2	2
ACTCCCACACCCTTAC	chr6.G1	1
ACTCTCGAGGATGAGA	chr11.G1	1
ACTCTCGCATCATCCC	chr12.G2	1
ACTGATGAGAAGGCTC	chr7.G1	1
ACTGTCCCAGCTCATA	chr6.G1	1
ACTGTCCTCAAGCCCG	chr15.G1	1
ACTGTGAAGCGCATCC	chr7.G1	3
ACTGTGATCGACGACC	chr3.G1	1
ACTGTGATCGTCTAAG	chr1.G1	1
ACTTTGTCAACTCGTA	chr15.G1	1
ACTTTGTCACGTGAGA	chr14.G2	1
AGAACAACAGTCTGGC	chr18.G1	1
AGAACCTCATTCCTAT	chr9.G1	1
AGACAAAAGTCGAAGC	chr2.G1	1
AGACAGGGTACAGGTG	chr7.G1	1
AGACTCACACACACGC	chr11.G1	5
AGATCGTCAAATCAAG	chr13.G1	4
AGATCGTTCTTGGTGA	chr15.G1	1
AGCATCACAGAAGTGC	chr9.G1	1
AGCCAGCGTTGTGTAC	chr16.G2	1
AGGACGAAGTTGAAAC	chr3.G2	1
AGGACTTTCTACCTTA	chr15.G1	1
AGGATAATCGCTGCGA	chr9.G1	1
AGGATCTTCGAATGCT	chr7.G1	1
AGGCATTCACGGAAGT	chr19.G1	1
AGGCTGCAGGCATCTT	chr1.G1	1
AGGGAGTCACTAACCA	chr2.G1	1
AGGGCTCAGCTCTATG	chr10.G1	1
AGGGCTCTCCGAGATT	chr9.G1	1
AGGGTCCAGAGCCGTA	chr7.G2	2
AGGGTTTAGAGTCACG	chr13.G2	1
AGGGTTTTCATTTGGG	chr17.G1	3
AGGTAGGGTTCACGAT	chr4.G1	1
AGGTCTATCCGTCACT	chr8.G1	1
AGGTTACAGAAACTCA	chr11.G1	2
AGGTTACTCTGTCAGA	chr1.G1	1
AGTAACCTCTTGCAGA	chr3.G1	3
AGTACTGTCTTCGACC	chr5.G1	1
AGTAGCTTCGGTGAAG	chr7.G1	1
AGTCAACTCCTACGGG	chr7.G1	1
AGTCACACATGACTCA	chr13.G2	1
AGTCATGAGTAGAATC	chr7.G1	2
ATACCGAGTCGCGGTT	chr5.G2	1
ATACCTTCAAATGGAT	chr19.G2	2
ATACCTTTCACCATCC	chr7.G2	2
ATACTTCGTCATTCCC	chr4.G1	2
ATAGGCTCAATTCTCT	chr4.G2	1
ATAGGCTGTCATAACC	chr5.G1	1
ATCACAGCAGCTATAC	chr17.G2	1
ATCACTTCAGGAATAT	chr2.G1	1
ATCACTTGTATAGGGC	chr17.G2	1
ATCATTCAGGTTGGTG	chr10.G1	1
ATCATTCGTTAGCGGA	chr10.G2	3
ATCCATTCAAGGTTGG	chr16.G2	2
ATCCATTGTGCTTATG	chr6.G1	1
ATCCCTGGTATCGAGG	chr4.G1	1
ATCCGTCTCTATGTGG	chr6.G1	4
ATCCTATCAGGAGACT	chr18.G1	1
ATCGATGTCTTACCGC	chr7.G1	1
ATCGGCGAGCGGTAGT	chr16.G1	2
ATCGGCGAGTAGACCG	chr13.G1	5
ATCGGCGCAATGGGTG	chr4.G1	2
ATCGGCGTCGCTGATA	chr2.G1	1
ATCTCTACATCTTCGC	chr15.G2	1
ATGAAAGGTACGTGTT	chr1.G1	1
ATGAGTCTCTGTTGGA	chr11.G1	1
ATGATCGCATGCCGGT	chr13.G2	1
ATGCCTCAGCCATTGT	chr3.G1	3
ATGCGATAGGCCCAAA	chr1.G2	1
ATGGATCGTACTGTTG	chr7.G1	1
ATGGGAGGTTGGTGTT	chr15.G1	1
ATGGGAGTCCACGTCT	chr17.G2	1
ATGGGTTAGGAAAGAC	chr6.G1	3
ATGGTTGCACCGTACG	chr1.G1	1
ATGGTTGCACGTACAT	chr17.G1	1
ATGTCCCTCTCACCCA	chr13.G1	1
ATGTCTTAGTGGTTGG	chr19.G1	1
ATGTCTTCAAGACCTT	chr2.G2	1
ATTCACTTCTATACGG	chr4.G2	3
ATTCAGGTCTGTGCAA	chr7.G2	1
ATTCATCCATTCAGCA	chr8.G1	2
ATTCATCGTTGCTAGT	chr1.G1	3
ATTCCATTCGTACACA	chr5.G1	1
ATTCCCGTCATCACTT	chr1.G2	2
ATTCGTTGTGGAACAC	chr19.G2	1
ATTCTACAGCTTTGTG	chr4.G1	1
ATTCTACCACTCTCGT	chr19.G2	1
ATTCTTGCATGCCGCA	chr7.G2	1
ATTTACCCAGTTTCGA	chr3.G1	1
ATTTCTGAGGTTCTTG	chr10.G1	1
CAACAACCAGGTGACA	chr2.G1	2
CAACCTCGTAGCGATG	chr9.G1	1
CAACGGCTCTGATTCT	chr9.G1	1
CAAGAGGCACCGCTAG	chr17.G2	1
CAAGAGGCACCGCTAG	chr1.G1	1
CAAGCTAAGTTGAAGT	chr16.G1	3
CAAGCTAGTACAAGCG	chr1.G2	1
CAAGGGACACACCAGC	chr1.G1	1
CAATACGTCCGTACGG	chr17.G2	1
CAATACGTCTCATTTG	chr7.G1	1
CAATCGACACGACGAA	chr7.G2	1
CAATGACCATGAGTAA	chr11.G1	2
CAATGACGTCGTGATT	chr9.G1	1
CACAACACATAGACTC	chr6.G2	1
CACAGATCAAAGCTCT	chr17.G2	1
CACCAAAGTTCTAAGC	chr13.G1	2
CACCGTTAGACATACA	chr6.G1	1
CACGTGGTCTTGGAAC	chr18.G1	1
CACTGTCAGATGCAGC	chr6.G2	1
CACTTCGGTCTAGATC	chr2.G1	1
CAGATACGTATGTCAC	chr9.G1	1
CAGATTGCATGTTTGG	chr15.G1	2
CAGCACGAGAGCTGAC	chr4.G1	2
CAGCACGAGCAGCCCT	chr3.G1	2
CAGCCAGAGTAACCGG	chr4.G1	1
CAGGGCTTCCATGATG	chr5.G1	1
CAGTTAGAGGCGTTAG	chr8.G1	5
CAGTTAGTCTCTCTTC	chr7.G2	1
CAGTTCCAGGTGCCAA	chr2.G2	2
CATCAAGCACTTCAGA	chr3.G1	2
CATCAAGGTGATACCT	chr5.G1	2
CATCCACCACGCCAGT	chr4.G1	1
CATCCACCATCTAGAC	chr2.G2	1
CATCCGTAGTTCCATG	chr2.G1	2
CATCGCTCATGGCACC	chr9.G1	1
CATGCCTAGAAAGCGA	chr2.G2	1
CATGCCTCACTCTGCT	chr11.G1	1
CATGCGGGTGTGTTTG	chr18.G2	1
CATGGTAAGTTGGACG	chr3.G1	2
CATGGTACAGAGGCTA	chr7.G2	1
CATTCATGTAGCGCTC	chr8.G1	2
CATTCCGGTGGGTATG	chr7.G1	1
CATTCTAAGGGTGAAA	chr7.G1	2
CATTCTACACTAACGT	chr11.G1	1
CATTGTTAGCGATGAC	chr16.G1	1
CATTGTTAGCGATGAC	chr8.G2	1
CCAATGAAGCCTGAAG	chr2.G1	1
CCAATGAGTTGGTACT	chr10.G1	1
CCAATTTAGGTAAAGG	chrX.G2	1
CCAATTTGTATGGAAT	chr11.G1	1
CCACAAAGTAGGTTTC	chr16.G1	1
CCACACTAGGGTGGGA	chr9.G1	1
CCACGAGAGATACATG	chr19.G1	1
CCACGAGGTAGTCTGT	chr17.G2	1
CCACGTTAGGGTATAT	chr14.G1	3
CCACGTTCAAGGCTTT	chr14.G1	1
CCATAAGGTACCCACG	chr11.G1	1
CCCAACTTCGATTCCC	chr9.G1	1
CCCATTGAGACATCAA	chr1.G1	1
CCCATTGGTAGTCTGT	chr10.G1	2
CCCATTGGTGAGTCAG	chr2.G1	1
CCCGAAGCATCGTCCT	chr2.G1	1
CCCGGAACAAGTTCGT	chr18.G2	1
CCCTAACTCAAGCCAT	chr10.G1	1
CCCTAACTCAAGCCAT	chr19.G1	1
CCCTCAACATGTGGTT	chr2.G2	2
CCCTCTCAGGATATAC	chr15.G2	1
CCCTGATAGAGTCACG	chr7.G1	1
CCCTGATCATGCCATA	chr9.G1	1
CCGAACGAGACTCCGC	chr1.G1	3
CCGATCTAGCACACCC	chr4.G1	1
CCGATCTTCCATGATG	chr2.G1	1
CCGCAAGCACTGAGGA	chr5.G1	1
CCGGACAAGATTGACA	chr16.G1	2
CCGGACACAGCAGATG	chr9.G1	1
CCGGACATCTAGCCAA	chr10.G1	1
CCGGGTACACGCTGCA	chr9.G1	1
CCGGGTACATGTACGT	chr18.G2	1
CCGTTCACAGGCACAA	chr7.G1	3
CCTAACCCAATGAACA	chr7.G1	2
CCTAAGACATTGGATC	chr8.G1	2
CCTACGTCAATAGTCC	chr15.G1	1
CCTCACAAGTAGAGTT	chr7.G2	1
CCTCAGTCATACCACA	chr17.G1	1
CCTCAGTGTGAGCTCC	chr7.G1	1
CCTCCAACACCGTCGA	chr17.G2	2
CCTGTTGAGCATAGGC	chr16.G2	2
CGAAGTTAGTAAGACT	chr7.G2	1
CGAATTGAGTCATGAA	chr9.G1	1
CGACAGCAGATGGCGT	chr12.G1	1
CGACAGCAGATGGCGT	chr7.G1	1
CGACAGCAGGTGTGAC	chr7.G1	1
CGACAGCCAACCGTGC	chr14.G1	3
CGAGAAGAGTCTGGTT	chr1.G1	1
CGAGAAGTCCAACCAA	chr1.G2	2
CGAGGAACAGCGTGCT	chr9.G1	1
CGAGTGCGTACTGAGG	chr4.G1	1
CGAGTGCGTGTACAGG	chr12.G2	1
CGAGTTAAGAGATCGC	chr12.G2	1
CGAGTTAGTGATTAGA	chr5.G1	1
CGATGCGTCCTATTTG	chr4.G2	1
CGCAGGTCAGAACATA	chr8.G1	1
CGCAGGTGTCCAGCCA	chr7.G1	1
CGCATAAGTCATGACT	chr5.G2	5
CGGACACGTACAGTCT	chr10.G1	1
CGGCAGTTCTCAAAGC	chr2.G2	1
CGGTCAGGTCGGTGAA	chr1.G1	2
CGTGATAGTCAATGGG	chr4.G1	1
CGTGTCTAGATAACAC	chr2.G2	1
CGTGTCTTCCATGCAA	chr4.G1	1
CGTTAGATCGGCTATA	chr4.G2	3
CTAACTTGTTTCGTGA	chr8.G2	2
CTAAGTGGTCCCACGA	chr1.G1	1
CTAGGTAAGTAACAGT	chr19.G2	1
CTAGGTACAAAGACTA	chr15.G1	3
CTAGGTAGTTGGGACA	chr17.G1	2
CTATAGGAGGTTATAG	chr11.G1	1
CTATAGGCAACGGGTA	chr5.G1	3
CTCAACCTCCTCTAAT	chr17.G1	2
CTCAGAACATCCGATA	chr5.G2	1
CTCAGAAGTCCCTAAA	chr4.G1	1
CTCAGAAGTTGTATGC	chr4.G2	1
CTCAGGGAGCACCAGA	chr18.G1	1
CTCAGGGTCGCGAAGA	chr9.G1	1
CTCATCGTCACTGTTT	chr17.G1	1
CTCATTAAGATCCCAT	chr11.G1	1
CTCCAACAGGTCGTGA	chr12.G1	2
CTCCCAATCTGTTGGA	chr7.G1	2
CTCCTTTGTCTGTGGC	chr7.G1	2
CTCCTTTTCGTACCTC	chr11.G1	1
CTCCTTTTCGTACCTC	chr6.G1	2
CTCGAGGAGTGGTTGG	chr12.G2	1
CTCGAGGAGTGGTTGG	chr2.G1	1
CTCGAGGCAACAGTGG	chr11.G1	1
CTGAATGTCACACCGG	chr11.G1	1
CTGAGCGGTAGCTGCC	chr1.G1	1
CTGATCCTCCCTTCCC	chr9.G1	1
CTGCAGGAGCTATCTG	chr8.G1	1
CTGCCATAGAGTGACC	chr10.G1	1
CTGCCTAGTTCAAGGG	chr11.G1	1
CTGCCTATCGGTGTAT	chr19.G2	1
CTGCTCATCTTCGATT	chr6.G1	1
CTGGACGCACGGGTAA	chr7.G1	1
CTGGTCTCAGTCAGCC	chr4.G2	1
CTGTACCAGCCAAGCA	chr2.G2	3
CTGTATTAGTAAGGGA	chr3.G1	2
CTGTGAACAGGTGTTT	chr6.G1	1
CTTAGGATCTACGCGG	chr8.G1	2
CTTCAATGTACCATAC	chr10.G1	1
CTTCCTTCAAACTAAG	chr10.G2	2
CTTCTCTAGAAGCTCG	chr15.G1	1
CTTCTCTTCAGACAAA	chr7.G1	1
CTTTCAAAGGGCAGGA	chr3.G1	1
CTTTCAAGTTCGTGCG	chr4.G1	1
GAAACCTGTTGGTAGG	chr19.G2	4
GAACACTTCGCTGTCT	chr13.G1	1
GAACTGTGTCGGTAAG	chr7.G1	1
GAAGCGAAGTATGAGT	chr9.G2	1
GAAGCGAGTTGTGCAT	chr11.G1	1
GAATAGAAGTTAACGA	chr7.G2	2
GAATCGTAGAAAGTCT	chr7.G1	1
GAATCGTCATGAGGGT	chrX.G1	1
GAATCGTTCTCACTCG	chr11.G1	1
GACAGCCTCGTAGTCA	chr4.G1	1
GACCAATGTTCAAGGG	chr9.G1	1
GACCCAGAGCCTGTCG	chr17.G2	1
GACCCAGCAGGTTCGC	chr8.G1	1
GACCTTCAGCGCCCAT	chr19.G1	5
GACGCTGCATCCAACA	chr18.G1	1
GACGTTAAGCCTCCAG	chr13.G2	1
GACTCAAGTCAAAGTA	chr17.G2	1
GACTCAATCGGTGTAT	chr16.G2	1
GACTTCCAGTCGAGGT	chr17.G1	1
GACTTCCCATGTTCGA	chr6.G1	3
GAGAAATAGCACAAAT	chr9.G1	1
GAGACCCAGAAATCCA	chr19.G2	1
GAGACCCTCATGAAAG	chr11.G1	2
GAGACTTCAGAGTGTG	chr7.G1	1
GAGACTTTCAGTGGGA	chr3.G1	1
GAGCCTGAGAGAGAAC	chr5.G1	2
GAGCCTGGTCGCTTGG	chr10.G1	1
GAGCCTGGTGATGAAT	chr17.G1	2
GAGGGATAGGACTGGT	chr16.G1	5
GAGTCATTCATCGCCT	chr4.G2	1
GATAGAAAGCGTACAG	chr7.G1	1
GATCACACATTCCTAT	chr6.G1	2
GATGAGGAGGTATTGA	chr13.G1	1
GATGAGGGTCTAGGTT	chr18.G2	1
GATGAGGGTGACTCGC	chr3.G2	1
GATGATCTCAGAATAG	chr13.G1	1
GATTCGATCCATGCAA	chr5.G2	1
GATTCTTGTGCACGCT	chr5.G1	1
GATTGGTAGCGATTCT	chr8.G1	2
GATTGGTAGCTAGTTC	chr16.G1	1
GATTGGTCACCAAAGG	chr7.G2	2
GCAACATAGCCTGGAA	chr2.G2	3
GCAACATCAACTTGGT	chr13.G1	1
GCAACATGTCCAGTTA	chr2.G2	2
GCAACATGTGGCGCTT	chr6.G1	1
GCAACATTCCACAAGT	chr16.G1	1
GCAACATTCGGCATTA	chr14.G1	1
GCACATAGTGCAGATG	chr15.G2	2
GCACATAGTTGCGTAT	chr7.G2	1
GCACGTGCAACAGAGC	chr7.G1	1
GCACGTGCACTAACCA	chr13.G2	1
GCACGTGGTCTACTGA	chr5.G1	1
GCACTAAAGCCATTGT	chr5.G1	2
GCAGCCAAGACCTTTG	chr15.G2	1
GCAGCTGGTCAGACGA	chr5.G1	2
GCAGTTAAGTATGAAC	chr6.G1	1
GCAGTTAAGTGGAAAG	chr6.G1	1
GCAGTTATCTTTCTAG	chr9.G1	1
GCATCGGCACACCAGC	chr8.G2	2
GCCAGCAGTCCGGTCA	chr10.G1	1
GCGAGAAAGACTCAAA	chr11.G1	1
GCGATCGAGGATCACG	chr5.G2	1
GCGATCGTCCATCAGA	chr7.G2	1
GCGGATCAGTACTGTC	chr1.G1	2
GCGTGCAAGCTACTAC	chr3.G2	1
GCGTGCACACGGGCTT	chr7.G2	1
GCGTTTCTCAAGCCGC	chr1.G2	3
GCTACAATCGTGGGAA	chr18.G1	1
GCTGAATGTGCCTGCA	chr14.G1	1
GGAAGTGAGTTCTCTT	chr7.G1	1
GGAATCTGTCTAACTG	chr5.G2	1
GGAATCTTCTCTGCCA	chr7.G1	1
GGAGGATTCATGAGAA	chr6.G1	2
GGAGGTATCCATTGTT	chr1.G1	1
GGATCTAAGACTTCGT	chr12.G1	1
GGATCTAGTAGCTAAA	chr16.G1	2
GGCGTCATCCTTTAGT	chr8.G1	3
GGCTGTGGTAATGATG	chr10.G2	1
GGGACAACATATCTGG	chr7.G2	1
GGGAGTAAGCGGATCA	chr7.G1	2
GGGATCCAGCTAAGTA	chr4.G2	1
GGGCCATGTTCGTTCC	chr4.G1	3
GGGCTACAGCATGATA	chr6.G1	1
GGGCTCATCTCATTAC	chr19.G1	2
GGGTAGAAGGACAGTC	chr11.G1	1
GGGTCACTCATCCTAT	chr18.G2	1
GGGTCTGAGCACTAGG	chr3.G1	3
GGGTTATTCTAGGCCG	chr9.G1	1
GGGTTTAAGTCGAATA	chr10.G2	1
GGTAACTGTCAGCTTA	chr7.G1	1
GGTAGAGGTTAAAGTG	chr16.G2	2
GGTGGCTGTGCAGGAT	chr17.G2	1
GGTTAACAGCGTATGG	chr13.G1	2
GGTTCTCTCACTGGGC	chr3.G1	1
GTAACCAGTGAATGTA	chr7.G2	1
GTACAACCAGGGTCTC	chr1.G2	2
GTACAACGTTGTTGTG	chr5.G1	2
GTACAGTCAGTGCGCT	chr13.G1	1
GTACAGTCAGTGCGCT	chr7.G1	1
GTAGAGGCAAGCGAAC	chr19.G1	3
GTAGATCCAAAGCACG	chr7.G2	1
GTAGGAGCAGCGGTTC	chr11.G1	1
GTAGGAGGTTCCTAGA	chr16.G1	1
GTATTTCTCCAACCGG	chr9.G1	1
GTCATCCCATGACTCA	chr7.G2	1
GTCATGAAGCCGATCC	chr11.G1	1
GTCCTCAGTCACTTCC	chr3.G1	1
GTCCTCATCAGACAAA	chr17.G1	1
GTCGAATTCAACTTTC	chr14.G1	1
GTCGTTCAGCACGATG	chr18.G1	1
GTCTACCTCCTTACCG	chr1.G2	1
GTCTAGACAAGACGAC	chr17.G2	1
GTGAGGACACTGAGTT	chr10.G1	1
GTGCACGCAGTTGCGC	chr11.G1	1
GTGCACGGTAGACGTG	chr17.G2	1
GTGCAGCAGAGTTCGG	chr9.G1	1
GTGCAGCCAACGATTC	chr4.G1	1
GTGCGTGAGATTAGTG	chr6.G1	1
GTGCTGGCATTGTGCA	chr11.G1	3
GTGCTGGCATTGTGCA	chr9.G2	1
GTGCTTCGTGTGTTTG	chr12.G2	1
GTGGAGACAAGTGACG	chr5.G2	1
GTGGTTACATGGCGCT	chr13.G1	1
GTGTAACGTTCGCGTG	chr11.G2	1
GTGTGATAGCCATTTG	chr11.G1	1
GTGTGGCTCAACCTTT	chr8.G1	2
GTGTTAGGTAGGAGGG	chr6.G2	1
GTTACAGAGTAACCTC	chr5.G1	1
GTTACGAGTAGGTTTC	chr1.G2	1
GTTAGTGAGGCAGGGA	chr1.G2	2
GTTAGTGGTACAAAGT	chr2.G1	1
GTTATGGAGAGGTATT	chr7.G1	1
GTTCATTGTGGCCACT	chr14.G1	2
GTTCCGTAGATTGACA	chr8.G2	1
GTTCCGTGTTTCACTT	chr1.G1	1
GTTGCGGAGTTAGTAG	chr11.G1	1
GTTGTAGGTCCGGTGT	chr11.G1	1
GTTGTCCGTACACGTT	chr18.G1	2
GTTGTCCTCCCTGTTG	chr18.G1	1
GTTGTGAGTTATCTGG	chr19.G1	2
GTTGTGATCATGAGTC	chr17.G2	1
TAACACGGTACAAGCG	chr2.G2	3
TAACCAGGTTATGTGC	chr4.G1	2
TAACCAGTCGACCAAT	chr6.G1	1
TAACTTCCACAAGTGG	chr15.G1	2
TAAGCGTCAATACCCA	chr4.G1	1
TACACCCGTCATCACA	chr12.G1	1
TACACCCTCGCCATAA	chr2.G1	2
TACATTCGTTATAGAG	chr1.G1	1
TACCTCGCATCTATCT	chr7.G2	1
TACCTCGGTAGGACTG	chr7.G1	1
TACCTGCCAGTTGCGC	chr10.G2	3
TACGCTCAGTGAGGCT	chr13.G2	1
TACGGGCTCAATCCAG	chr2.G2	2
TACTGCCCATGCGGTC	chr5.G1	2
TAGAGTCAGGTCGAGT	chr12.G1	2
TAGATCGTCAAGTGGG	chr7.G1	1
TAGGAGGAGTAGTCAA	chr8.G1	2
TAGGAGGCAGACGATG	chr11.G1	1
TAGGGTTGTGACTATC	chr4.G1	3
TAGTGCAGTGGAACCA	chr2.G2	2
TATACCTAGGTAGGCT	chr5.G1	1
TATATCCAGAGCTGAC	chr16.G1	1
TATCGCCCATAGACTC	chr12.G2	1
TATCTTGCAGTATGAA	chr11.G1	1
TATTCCAAGGCCTGCT	chr14.G1	1
TATTCCACACATCCCT	chr4.G1	1
TATTGGGAGTGTTCAC	chr9.G2	2
TCAAGCAGTAGAATAC	chr19.G2	1
TCACAAGAGAGTCCGA	chr1.G1	1
TCACAAGTCTTTCTAG	chr13.G2	1
TCACACCAGCCTGAGA	chr10.G1	1
TCACATTAGTCTTGGT	chr2.G1	1
TCACGCTGTTTGGGTT	chr16.G2	1
TCACGGGCATGTGCCG	chr13.G2	4
TCACGGGGTCCAGCCA	chr11.G1	1
TCACTATCAATACCTG	chr1.G2	1
TCACTATGTGATTGGG	chr3.G1	1
TCACTCGGTCTTACAG	chr2.G1	1
TCAGCAAAGGCTAACG	chr19.G1	3
TCAGCAACACTAACCA	chr6.G1	1
TCAGGGCCAGATACCT	chr8.G1	1
TCAGGTACACTCTGCT	chr14.G1	1
TCAGGTAGTTGACGGA	chr7.G2	1
TCAGTCCAGCCTGACC	chr4.G2	3
TCATACTAGCGCTTCG	chr12.G1	3
TCATACTGTACAAACA	chr9.G1	1
TCATCCGGTTCCACGG	chr2.G1	2
TCATTACAGTACCATC	chr4.G1	3
TCATTACGTACTCGCG	chr16.G1	1
TCATTCATCCGTGTCT	chr7.G1	1
TCCACGTGTCTACGTA	chr8.G1	1
TCCAGAACATGTGTCA	chr3.G1	1
TCCAGAACATGTTCGA	chr9.G1	1
TCCATCGCAAATCAAG	chr17.G1	1
TCCCACAAGGCATTTC	chr19.G1	2
TCCCACAAGGTAGTAT	chr6.G1	1
TCCCAGTTCCCTTCCC	chr17.G1	1
TCCCATGTCTACACTT	chr9.G1	2
TCCTAATAGCGTCTGC	chr6.G1	2
TCCTAATCACGCGCAT	chr6.G1	2
TCCTCCCAGGTCTTTG	chr9.G1	1
TCCTCGATCGATCCAA	chr4.G2	1
TCCTCTTAGTTTAGGA	chr13.G1	1
TCCTGCAGTGAACGGT	chr4.G1	1
TCGAAGTGTGTGACCC	chrX.G1	1
TCGAAGTGTGTTTACG	chr4.G1	1
TCGACCTGTGAATTAG	chr5.G1	2
TCGACGGGTGATCATC	chrX.G2	1
TCGCACTAGCTAATGA	chr17.G1	1
TCGCTCATCTGGGCGT	chr16.G1	1
TCGGGCACAATGAGCG	chr5.G2	2
TCGGGCACATACCACA	chr14.G1	1
TCGGGCATCGCCTTTG	chr8.G1	1
TCGTGCTTCGAGGCAA	chr2.G1	1
TCGTGGGCAGTTGTTG	chr8.G1	1
TCTACATAGGATTACA	chr17.G1	3
TCTACATGTTTGTGGT	chr9.G1	1
TCTATACCAAGTACCT	chr18.G1	1
TCTATCAGTCGTACAT	chr3.G2	1
TCTCCGATCTGAGATC	chr4.G2	2
TCTTCCTGTACTCAAC	chr7.G1	1
TCTTCCTGTCGTACAT	chr4.G1	1
TCTTCCTGTTCCGCGA	chr8.G1	1
TCTTCCTTCCGAAGGA	chr11.G1	1
TCTTGCGAGGGTGAGG	chr1.G1	2
TGAATCGCACGACCTG	chr13.G2	1
TGAATCGTCTGGCTGG	chr13.G1	4
TGACCCTCAGGTCTCG	chr8.G1	2
TGACCCTGTCACAGAG	chr15.G1	2
TGAGCGCTCTGAATGC	chr10.G2	2
TGAGGAGGTCTGTGGC	chr19.G1	1
TGAGGTTCATAGGAGC	chr17.G1	1
TGATGCAAGTAACCTC	chr3.G1	1
TGATTTCCAGGCGATA	chr17.G1	1
TGATTTCTCGCTTTAT	chr19.G1	1
TGCAGTATCCGATTAG	chr7.G1	1
TGCATCCCATGTTCAG	chr11.G1	2
TGCATCCTCTTGCATC	chr4.G1	1
TGCATGAAGACTACGG	chr10.G1	2
TGCGACGGTCGGAAAC	chr17.G1	1
TGCGGCAAGAGATTCA	chr11.G1	1
TGCGGCACACTATCGA	chr10.G2	1
TGCTGAAAGGCGAACT	chr12.G1	1
TGCTGAAGTACGTGTT	chr8.G1	1
TGGATGTCATTGCAAC	chr7.G1	2
TGGGAAGCAATTGAAG	chr3.G1	1
TGGGAGATCCAATGCA	chr2.G2	1
TGGGCGTCAGCCATTA	chr13.G1	2
TGGTACAAGATTGACA	chr11.G1	1
TGGTACAAGATTGACA	chr3.G1	1
TGGTAGTGTCCTCAGG	chr3.G1	1
TGTAACGTCCCGAGGT	chr10.G1	2
TGTCAGAAGTTGGCTT	chr18.G1	1
TGTCAGATCTCTCGCA	chr10.G1	1
TGTTGAGGTGAATTAG	chr8.G1	1
TGTTGGAAGGTTGTTC	chr7.G1	1
TGTTGGAGTAACATGA	chr11.G2	1
TGTTGGAGTAACGCGA	chr8.G2	1
TTACAGGTCCCGAAAT	chr15.G2	1
TTACAGGTCTCTATGT	chr5.G1	1
TTACCATAGCCTAACT	chr13.G1	1
TTACTGTAGTCCGCGT	chr1.G1	1
TTACTGTGTAGGAGTC	chr10.G1	1
TTAGGCACACGGCGTT	chr8.G2	1
TTAGGGTAGCCGCTTG	chr6.G1	1
TTAGTCTAGCATCAAA	chr18.G1	3
TTCAGGAGTTGTGCAT	chr10.G1	2
TTCAGGATCCGATGTA	chr17.G1	1
TTCATTGAGTGATAAC	chr18.G1	2
TTCCACGAGAATTGCA	chr2.G1	2
TTCCGGTAGGTGCTAG	chr5.G1	1
TTCCGGTCATTGCTGA	chr17.G2	4
TTCCTAAGTGATTCAC	chr11.G1	1
TTCCTTCGTTACGGAG	chr6.G1	1
TTCGCTGAGCGTGTCC	chr7.G2	1
TTCGGTCTCGAGCCAC	chr18.G1	1
TTCGGTCTCGCGTGAC	chr2.G1	1
TTCTCTCAGACTTCGT	chr14.G1	1
TTCTTGAAGCCTCGTG	chr6.G1	1
TTGAGTGCAGACGCTC	chr7.G1	1
TTGATGGAGGACCCAA	chr15.G2	1
TTGCATTCACTAACCA	chr15.G1	1
TTGGATGCAGCCGTTG	chr2.G1	2
TTGGATGTCCTCACTG	chr11.G1	1
TTGGGATGTTGTGCCG	chr14.G1	1
TTGTGGATCGCCTTGT	chr9.G1	1
TTGTTGTGTTGTAAAG	chr1.G1	2
TTTACCAGTTGCGGAA	chr1.G1	1
TTTATGCAGCAGTCTT	chr8.G1	1
TTTATGCTCGAACACT	chr6.G1	2
TTTCAGTCACGGTGAA	chr3.G1	2
TTTCGATCAATGAAAC	chr11.G1	1
TTTCGATCATACGCAT	chr3.G1	1
TTTGGAGCAAGAATAC	chr4.G2	1
TTTGGAGGTGGCCCAT	chr7.G1	1
TTTGGTTGTTCGGTCG	chr10.G1	1
