AAACCCACATTGAAAG-1	chr12.G2	3
AAACGCTAGGCGAAGG-1	chr18.G1	3
AAAGAACAGCACTAAA-1	chr7.G2	1
AACAGGGAGCATCGAG-1	chr8.G1	2
AACCAACAGATACATG-1	chr7.G1	2
AACCACAGTTCCGGTG-1	chr17.G2	1
AACCACAGTTCCGGTG-1	chr5.G1	2
AACCATGCACGCGTCA-1	chr1.G1	1
AACGAAATCACCCTTG-1	chr4.G2	1
AAGAACAGTGTCCCTT-1	chr2.G1	1
AAGACTCCAGCGAGTA-1	chr11.G1	5
AAGACTCGTCTGTAAC-1	chr1.G2	3
AAGACTCTCCAATCTT-1	chr3.G1	1
AAGATAGTCTCTATGT-1	chr6.G1	1
AAGTCGTCAATTGTGC-1	chr4.G1	1
AATAGAGCATGGGAAC-1	chr7.G1	1
AATCACGTCTATTTCG-1	chr18.G1	1
AATCGACCAGCACAGA-1	chr14.G1	1
AATCGTGGTACCACGC-1	chr19.G2	1
AATGAAGGTCTGTAGT-1	chr2.G1	1
AATGCCATCCAAGCTA-1	chr7.G2	1
ACAAAGAGTGTCTTGA-1	chr18.G1	1
ACAAAGAGTTCTATCT-1	chr6.G1	2
ACAAGCTGTCATCGCG-1	chr4.G2	1
ACACCAAGTGGGTATG-1	chr6.G1	1
ACACCAATCCGCAGTG-1	chr15.G1	2
ACACCAATCGTAGCTA-1	chr3.G1	1
ACACGCGAGATTGATG-1	chr1.G1	1
ACACGCGGTAGGGTAC-1	chr5.G1	1
ACACGCGTCTACTGAG-1	chr2.G2	1
ACAGAAACAGCATCTA-1	chr5.G1	1
ACATCGAAGGAGCAAA-1	chr18.G2	1
ACATCGAAGGAGCAAA-1	chr3.G1	1
ACCAAACTCAGCTTGA-1	chr7.G1	1
ACCAACATCTACCTTA-1	chr4.G2	1
ACCACAAGTCACGCTG-1	chr10.G1	1
ACCCAAATCAGACCGC-1	chr9.G1	1
ACCGTTCCAGGCTTGC-1	chr8.G1	1
ACGATCATCCAACACA-1	chr4.G2	1
ACGATGTGTTAGAGAT-1	chr11.G2	1
ACGGGTCAGCTGGAGT-1	chr17.G1	1
ACGGGTCCATGGAAGC-1	chr8.G2	1
ACGGTCGGTACCGGCT-1	chr19.G1	1
ACGGTCGTCCGACAGC-1	chr7.G1	1
ACGGTCGTCTTACCGC-1	chr3.G2	1
ACGTACAAGAAATTCG-1	chr7.G2	1
ACGTACAAGCAGCAGT-1	chr14.G1	1
ACGTAGTCAAACTGCT-1	chr4.G2	1
ACTATCTAGAGCCTGA-1	chr11.G1	1
ACTATTCAGGTGCTAG-1	chr9.G2	2
ACTCCCACACCCTTAC-1	chr6.G1	1
ACTCTCGAGGATGAGA-1	chr11.G1	1
ACTCTCGCATCATCCC-1	chr12.G2	1
ACTGATGAGAAGGCTC-1	chr7.G1	1
ACTGTCCCAGCTCATA-1	chr6.G1	1
ACTGTCCTCAAGCCCG-1	chr15.G1	1
ACTGTGAAGCGCATCC-1	chr7.G1	3
ACTGTGATCGACGACC-1	chr3.G1	1
ACTGTGATCGTCTAAG-1	chr1.G1	1
ACTTCGCGTATGCGTT-1	chr6.G1	3
ACTTTGTCAACTCGTA-1	chr15.G1	1
ACTTTGTCACGTGAGA-1	chr14.G2	1
AGAACAACAGTCTGGC-1	chr18.G1	1
AGAACCTCATTCCTAT-1	chr9.G1	1
AGACAAAAGTCGAAGC-1	chr2.G1	1
AGACAGGGTACAGGTG-1	chr7.G1	1
AGACTCACACACACGC-1	chr11.G1	5
AGATCGTCAAATCAAG-1	chr13.G1	4
AGATCGTTCTTGGTGA-1	chr15.G1	1
AGCATCACAGAAGTGC-1	chr9.G1	1
AGCCAGCGTTGTGTAC-1	chr16.G2	1
AGGACGAAGTTGAAAC-1	chr3.G2	1
AGGACTTTCTACCTTA-1	chr15.G1	1
AGGATAATCGCTGCGA-1	chr9.G1	1
AGGATCTTCGAATGCT-1	chr7.G1	1
AGGCATTCACGGAAGT-1	chr19.G1	1
AGGCTGCAGGCATCTT-1	chr1.G1	1
AGGGAGTCACTAACCA-1	chr2.G1	1
AGGGCTCAGCTCTATG-1	chr10.G1	1
AGGGCTCTCCGAGATT-1	chr9.G1	1
AGGGTCCAGAGCCGTA-1	chr7.G2	2
AGGGTTTAGAGTCACG-1	chr13.G2	1
AGGGTTTTCATTTGGG-1	chr17.G1	3
AGGTAGGGTTCACGAT-1	chr4.G1	1
AGGTCTATCCGTCACT-1	chr8.G1	1
AGGTTACAGAAACTCA-1	chr11.G1	2
AGGTTACTCTGTCAGA-1	chr1.G1	1
AGTAACCTCTTGCAGA-1	chr12.G2	2
AGTAACCTCTTGCAGA-1	chr3.G1	3
AGTACTGTCTTCGACC-1	chr5.G1	1
AGTAGCTTCGGTGAAG-1	chr7.G1	1
AGTCAACTCCTACGGG-1	chr7.G1	1
AGTCACACATGACTCA-1	chr13.G2	1
AGTCATGAGTAGAATC-1	chr7.G1	2
ATACCGAGTCGCGGTT-1	chr5.G2	1
ATACCTTCAAATGGAT-1	chr19.G2	2
ATACCTTTCACCATCC-1	chr7.G2	2
ATACTTCGTCATTCCC-1	chr4.G1	2
ATAGGCTCAATTCTCT-1	chr4.G2	1
ATAGGCTGTCATAACC-1	chr5.G1	1
ATCACAGCAGCTATAC-1	chr17.G2	1
ATCACTTCAGGAATAT-1	chr2.G1	1
ATCACTTGTATAGGGC-1	chr17.G2	1
ATCATTCAGGTTGGTG-1	chr10.G1	1
ATCATTCGTTAGCGGA-1	chr10.G2	3
ATCCATTCAAGGTTGG-1	chr16.G2	2
ATCCATTGTGCTTATG-1	chr6.G1	1
ATCCCTGGTATCGAGG-1	chr4.G1	1
ATCCGTCTCTATGTGG-1	chr6.G1	4
ATCCTATCAGGAGACT-1	chr18.G1	1
ATCGATGTCTTACCGC-1	chr7.G1	1
ATCGGCGAGCGGTAGT-1	chr16.G1	2
ATCGGCGAGTAGACCG-1	chr13.G1	5
ATCGGCGCAATGGGTG-1	chr4.G1	2
ATCGGCGTCGCTGATA-1	chr2.G1	1
ATCTCTACATCTTCGC-1	chr15.G2	1
ATGAAAGGTACGTGTT-1	chr1.G1	1
ATGAGGGGTCGAACGA-1	chr18.G2	2
ATGAGTCTCTGTTGGA-1	chr11.G1	1
ATGATCGCATGCCGGT-1	chr13.G2	1
ATGCCTCAGCCATTGT-1	chr3.G1	7
ATGCGATAGGCCCAAA-1	chr1.G2	1
ATGGATCGTACTGTTG-1	chr7.G1	1
ATGGGAGGTTGGTGTT-1	chr15.G1	1
ATGGGAGTCCACGTCT-1	chr17.G2	1
ATGGGTTAGGAAAGAC-1	chr6.G1	3
ATGGTTGCACCGTACG-1	chr1.G1	1
ATGGTTGCACGTACAT-1	chr17.G1	1
ATGTCCCTCTCACCCA-1	chr13.G1	1
ATGTCTTAGTGGTTGG-1	chr19.G1	1
ATGTCTTCAAGACCTT-1	chr2.G2	1
ATTCACTTCTATACGG-1	chr4.G2	3
ATTCAGGTCTGTGCAA-1	chr7.G2	1
ATTCATCCATTCAGCA-1	chr8.G1	2
ATTCATCGTTGCTAGT-1	chr1.G1	3
ATTCCATTCGTACACA-1	chr5.G1	1
ATTCCCGTCATCACTT-1	chr1.G2	2
ATTCGTTGTGGAACAC-1	chr19.G2	1
ATTCTACAGCTTTGTG-1	chr4.G1	1
ATTCTACCACTCTCGT-1	chr19.G2	1
ATTCTTGCATGCCGCA-1	chr7.G2	1
ATTTACCCAGTTTCGA-1	chr3.G1	1
ATTTCTGAGGTTCTTG-1	chr10.G1	1
CAACAACCAGGTGACA-1	chr2.G1	2
CAACCTCGTAGCGATG-1	chr9.G1	1
CAACGGCTCTGATTCT-1	chr9.G1	1
CAAGAGGCACCGCTAG-1	chr17.G2	1
CAAGAGGCACCGCTAG-1	chr1.G1	1
CAAGCTAAGTTGAAGT-1	chr16.G1	3
CAAGCTAGTACAAGCG-1	chr1.G2	1
CAAGGGACACACCAGC-1	chr1.G1	1
CAATACGTCCGTACGG-1	chr17.G2	1
CAATACGTCTCATTTG-1	chr7.G1	1
CAATCGACACGACGAA-1	chr7.G2	1
CAATGACCATGAGTAA-1	chr11.G1	2
CAATGACGTCGTGATT-1	chr9.G1	1
CACAACACATAGACTC-1	chr6.G2	1
CACAGATCAAAGCTCT-1	chr17.G2	1
CACCAAAGTTCTAAGC-1	chr13.G1	2
CACCGTTAGACATACA-1	chr6.G1	1
CACGTGGTCTTGGAAC-1	chr18.G1	1
CACTGTCAGATGCAGC-1	chr6.G2	1
CACTTCGGTCTAGATC-1	chr2.G1	1
CAGATACGTATGTCAC-1	chr9.G1	1
CAGATTGCATGTTTGG-1	chr15.G1	2
CAGCACGAGAGCTGAC-1	chr4.G1	2
CAGCACGAGCAGCCCT-1	chr3.G1	2
CAGCCAGAGTAACCGG-1	chr4.G1	1
CAGGGCTTCCATGATG-1	chr5.G1	1
CAGTTAGAGGCGTTAG-1	chr8.G1	5
CAGTTAGTCTCTCTTC-1	chr7.G2	1
CAGTTCCAGGTGCCAA-1	chr2.G2	2
CATCAAGCACTTCAGA-1	chr3.G1	2
CATCAAGGTGATACCT-1	chr5.G1	2
CATCCACCACGCCAGT-1	chr4.G1	1
CATCCACCATCTAGAC-1	chr2.G2	1
CATCCGTAGTTCCATG-1	chr2.G1	2
CATCGCTCATGGCACC-1	chr9.G1	1
CATGCCTAGAAAGCGA-1	chr2.G2	1
CATGCCTCACTCTGCT-1	chr11.G1	1
CATGCGGGTGTGTTTG-1	chr18.G2	1
CATGGTAAGTTGGACG-1	chr3.G1	2
CATGGTACAGAGGCTA-1	chr7.G2	1
CATTCATGTAGCGCTC-1	chr8.G1	2
CATTCCGGTGGGTATG-1	chr7.G1	1
CATTCTAAGGGTGAAA-1	chr7.G1	2
CATTCTACACTAACGT-1	chr11.G1	1
CATTGTTAGCGATGAC-1	chr16.G1	1
CATTGTTAGCGATGAC-1	chr8.G2	1
CCAATGAAGCCTGAAG-1	chr2.G1	1
CCAATGAGTTGGTACT-1	chr10.G1	1
CCAATTTAGGTAAAGG-1	chrX.G2	1
CCAATTTGTATGGAAT-1	chr11.G1	1
CCACAAAGTAGGTTTC-1	chr16.G1	1
CCACACTAGGGTGGGA-1	chr9.G1	1
CCACGAGAGATACATG-1	chr19.G1	1
CCACGAGGTAGTCTGT-1	chr17.G2	1
CCACGTTAGGGTATAT-1	chr14.G1	3
CCACGTTCAAGGCTTT-1	chr14.G1	1
CCATAAGGTACCCACG-1	chr11.G1	1
CCCAACTTCGATTCCC-1	chr9.G1	1
CCCATTGAGACATCAA-1	chr1.G1	1
CCCATTGGTAGTCTGT-1	chr10.G1	2
CCCATTGGTGAGTCAG-1	chr2.G1	1
CCCGAAGCATCGTCCT-1	chr2.G1	1
CCCGGAACAAGTTCGT-1	chr18.G2	1
CCCTAACTCAAGCCAT-1	chr10.G1	1
CCCTAACTCAAGCCAT-1	chr19.G1	1
CCCTCAACATGTGGTT-1	chr2.G2	2
CCCTCTCAGGATATAC-1	chr15.G2	1
CCCTGATAGAGTCACG-1	chr7.G1	1
CCCTGATCATGCCATA-1	chr9.G1	1
CCGAACGAGACTCCGC-1	chr1.G1	3
CCGATCTAGCACACCC-1	chr4.G1	1
CCGATCTAGGTGGTTG-1	chrX.G1	1
CCGATCTTCCATGATG-1	chr2.G1	1
CCGCAAGCACTGAGGA-1	chr5.G1	1
CCGGACAAGATTGACA-1	chr16.G1	2
CCGGACACAGCAGATG-1	chr9.G1	1
CCGGACATCTAGCCAA-1	chr10.G1	1
CCGGGTACACGCTGCA-1	chr9.G1	1
CCGGGTACATGTACGT-1	chr18.G2	1
CCGTTCACAGGCACAA-1	chr7.G1	3
CCTAACCCAATGAACA-1	chr7.G1	2
CCTAAGACATTGGATC-1	chr8.G1	2
CCTACGTCAATAGTCC-1	chr15.G1	1
CCTCACAAGTAGAGTT-1	chr7.G2	1
CCTCAGTCATACCACA-1	chr17.G1	1
CCTCAGTGTGAGCTCC-1	chr7.G1	1
CCTCCAACACCGTCGA-1	chr17.G2	2
CCTGTTGAGCATAGGC-1	chr16.G2	2
CGAAGTTAGTAAGACT-1	chr7.G2	1
CGAATTGAGTCATGAA-1	chr9.G1	1
CGACAGCAGATGGCGT-1	chr12.G1	1
CGACAGCAGATGGCGT-1	chr7.G1	1
CGACAGCAGGTGTGAC-1	chr7.G1	1
CGACAGCCAACCGTGC-1	chr14.G1	3
CGAGAAGAGTCTGGTT-1	chr1.G1	1
CGAGAAGTCCAACCAA-1	chr1.G2	2
CGAGGAACAGCGTGCT-1	chr9.G1	1
CGAGTGCGTACTGAGG-1	chr4.G1	1
CGAGTGCGTGTACAGG-1	chr12.G2	1
CGAGTTAAGAGATCGC-1	chr12.G2	1
CGAGTTAGTGATTAGA-1	chr5.G1	1
CGATGCGTCCTATTTG-1	chr4.G2	1
CGCAGGTCAGAACATA-1	chr8.G1	1
CGCAGGTGTCCAGCCA-1	chr7.G1	1
CGCATAAGTCATGACT-1	chr5.G2	5
CGGACACGTACAGTCT-1	chr10.G1	1
CGGCAGTTCTCAAAGC-1	chr2.G2	1
CGGTCAGGTCGGTGAA-1	chr1.G1	2
CGTGATAGTCAATGGG-1	chr4.G1	1
CGTGTCTAGATAACAC-1	chr2.G2	1
CGTGTCTTCCATGCAA-1	chr4.G1	1
CGTTAGATCGGCTATA-1	chr4.G2	3
CTAACTTGTTTCGTGA-1	chr8.G2	2
CTAAGTGGTCCCACGA-1	chr1.G1	1
CTAGGTAAGTAACAGT-1	chr19.G2	1
CTAGGTACAAAGACTA-1	chr15.G1	3
CTAGGTAGTTGGGACA-1	chr17.G1	2
CTATAGGAGGTTATAG-1	chr11.G1	1
CTATAGGCAACGGGTA-1	chr5.G1	3
CTCAACCTCCTCTAAT-1	chr17.G1	2
CTCAGAACATCCGATA-1	chr5.G2	1
CTCAGAAGTCCCTAAA-1	chr4.G1	1
CTCAGAAGTTGTATGC-1	chr4.G2	1
CTCAGGGAGCACCAGA-1	chr18.G1	1
CTCAGGGTCGCGAAGA-1	chr9.G1	1
CTCATCGTCACTGTTT-1	chr17.G1	1
CTCATTAAGATCCCAT-1	chr11.G1	1
CTCCAACAGGTCGTGA-1	chr12.G1	2
CTCCCAATCTGTTGGA-1	chr7.G1	2
CTCCTTTGTCTGTGGC-1	chr7.G1	2
CTCCTTTTCGTACCTC-1	chr11.G1	1
CTCCTTTTCGTACCTC-1	chr6.G1	2
CTCGAGGAGTGGTTGG-1	chr12.G2	1
CTCGAGGAGTGGTTGG-1	chr2.G1	1
CTCGAGGCAACAGTGG-1	chr11.G1	1
CTGAATGTCACACCGG-1	chr11.G1	1
CTGAGCGGTAGCTGCC-1	chr1.G1	1
CTGATCCTCCCTTCCC-1	chr9.G1	1
CTGCAGGAGCTATCTG-1	chr8.G1	1
CTGCCATAGAGTGACC-1	chr10.G1	1
CTGCCTACAAGACAAT-1	chr10.G1	3
CTGCCTAGTTCAAGGG-1	chr11.G1	1
CTGCCTATCGGTGTAT-1	chr19.G2	1
CTGCTCATCTTCGATT-1	chr6.G1	1
CTGGACGCACGGGTAA-1	chr7.G1	1
CTGGTCTCAGTCAGCC-1	chr4.G2	1
CTGTACCAGCCAAGCA-1	chr2.G2	3
CTGTATTAGTAAGGGA-1	chr3.G1	2
CTGTGAACAGGTGTTT-1	chr6.G1	1
CTTAGGATCTACGCGG-1	chr8.G1	2
CTTCAATGTACCATAC-1	chr10.G1	1
CTTCCTTCAAACTAAG-1	chr10.G2	2
CTTCTCTAGAAGCTCG-1	chr15.G1	1
CTTCTCTTCAGACAAA-1	chr7.G1	1
CTTTCAAAGGGCAGGA-1	chr3.G1	1
CTTTCAAGTTCGTGCG-1	chr4.G1	1
GAAACCTGTTGGTAGG-1	chr19.G2	4
GAACACTTCCATTTAC-1	chr17.G1	3
GAACACTTCGCTGTCT-1	chr13.G1	1
GAACTGTGTCGGTAAG-1	chr7.G1	1
GAAGCGAAGTATGAGT-1	chr9.G2	1
GAAGCGAGTTGTGCAT-1	chr11.G1	1
GAATAGAAGTTAACGA-1	chr7.G2	2
GAATCGTAGAAAGTCT-1	chr7.G1	1
GAATCGTCATGAGGGT-1	chrX.G1	1
GAATCGTTCTCACTCG-1	chr11.G1	1
GACAGCCTCGTAGTCA-1	chr4.G1	1
GACCAATGTTCAAGGG-1	chr9.G1	1
GACCCAGAGCCTGTCG-1	chr17.G2	1
GACCCAGCAGGTTCGC-1	chr8.G1	1
GACCTTCAGCGCCCAT-1	chr19.G1	5
GACGCTGCATCCAACA-1	chr18.G1	1
GACGTTAAGCCTCCAG-1	chr13.G2	1
GACTCAAGTCAAAGTA-1	chr17.G2	1
GACTCAATCGGTGTAT-1	chr16.G2	1
GACTTCCAGTCGAGGT-1	chr17.G1	1
GACTTCCCATGTTCGA-1	chr6.G1	3
GAGAAATAGCACAAAT-1	chr9.G1	1
GAGACCCAGAAATCCA-1	chr19.G2	1
GAGACCCTCATGAAAG-1	chr11.G1	2
GAGACTTCAGAGTGTG-1	chr7.G1	1
GAGACTTTCAGTGGGA-1	chr3.G1	1
GAGCCTGAGAGAGAAC-1	chr5.G1	2
GAGCCTGGTCGCTTGG-1	chr10.G1	1
GAGCCTGGTGATGAAT-1	chr17.G1	2
GAGGGATAGGACTGGT-1	chr16.G1	5
GAGGGTAAGCGGTAAC-1	chrX.G2	2
GAGTCATTCATCGCCT-1	chr4.G2	1
GATAGAAAGCGTACAG-1	chr7.G1	1
GATCACACATTCCTAT-1	chr6.G1	2
GATGAGGAGGTATTGA-1	chr13.G1	1
GATGAGGGTCTAGGTT-1	chr18.G2	1
GATGAGGGTGACTCGC-1	chr3.G2	1
GATGATCTCAGAATAG-1	chr13.G1	1
GATTCGATCCATGCAA-1	chr5.G2	1
GATTCTTGTGCACGCT-1	chr5.G1	1
GATTGGTAGCGATTCT-1	chr8.G1	2
GATTGGTAGCTAGTTC-1	chr16.G1	1
GATTGGTCACCAAAGG-1	chr7.G2	2
GCAACATAGCCTGGAA-1	chr2.G2	3
GCAACATCAACTTGGT-1	chr13.G1	1
GCAACATGTCCAGTTA-1	chr2.G2	2
GCAACATGTGGCGCTT-1	chr6.G1	1
GCAACATTCCACAAGT-1	chr16.G1	1
GCAACATTCGGCATTA-1	chr14.G1	1
GCACATAGTGCAGATG-1	chr15.G2	2
GCACATAGTTGCGTAT-1	chr7.G2	1
GCACGTGCAACAGAGC-1	chr7.G1	1
GCACGTGCACTAACCA-1	chr13.G2	1
GCACGTGGTCTACTGA-1	chr5.G1	1
GCACTAAAGCCATTGT-1	chr5.G1	2
GCAGCCAAGACCTTTG-1	chr15.G2	1
GCAGCTGGTCAGACGA-1	chr5.G1	2
GCAGTTAAGTATGAAC-1	chr6.G1	1
GCAGTTAAGTGGAAAG-1	chr6.G1	1
GCAGTTATCTTTCTAG-1	chr9.G1	1
GCATCGGCACACCAGC-1	chr8.G2	2
GCCAACGGTCGGTGAA-1	chr5.G1	1
GCCAGCAGTCCGGTCA-1	chr10.G1	1
GCGAGAAAGACTCAAA-1	chr11.G1	1
GCGATCGAGGATCACG-1	chr5.G2	1
GCGATCGTCCATCAGA-1	chr7.G2	1
GCGGATCAGTACTGTC-1	chr1.G1	2
GCGTGCAAGCTACTAC-1	chr3.G2	1
GCGTGCACACGGGCTT-1	chr7.G2	1
GCGTTTCTCAAGCCGC-1	chr1.G2	3
GCTACAATCGTGGGAA-1	chr18.G1	1
GCTGAATCAGATCACT-1	chr6.G1	1
GCTGAATGTGCCTGCA-1	chr14.G1	1
GGAAGTGAGTTCTCTT-1	chr7.G1	1
GGAATCTGTCTAACTG-1	chr5.G2	1
GGAATCTTCTCTGCCA-1	chr7.G1	1
GGAGGATTCATGAGAA-1	chr6.G1	2
GGAGGTATCCATTGTT-1	chr1.G1	1
GGATCTAAGACTTCGT-1	chr12.G1	1
GGATCTAGTAGCTAAA-1	chr16.G1	2
GGCGTCATCCTTTAGT-1	chr8.G1	3
GGCTGTGGTAATGATG-1	chr10.G2	1
GGGACAACATATCTGG-1	chr7.G2	1
GGGAGTAAGCGGATCA-1	chr7.G1	2
GGGATCCAGCTAAGTA-1	chr4.G2	1
GGGCCATGTTCGTTCC-1	chr4.G1	3
GGGCTACAGCATGATA-1	chr6.G1	1
GGGCTCATCTCATTAC-1	chr19.G1	2
GGGTAGAAGGACAGTC-1	chr11.G1	1
GGGTCACTCATCCTAT-1	chr18.G2	1
GGGTCTGAGCACTAGG-1	chr3.G1	3
GGGTTATTCTAGGCCG-1	chr9.G1	1
GGGTTTAAGTCGAATA-1	chr10.G2	1
GGTAACTGTCAGCTTA-1	chr7.G1	1
GGTAGAGGTTAAAGTG-1	chr16.G2	2
GGTGGCTGTGCAGGAT-1	chr17.G2	1
GGTTAACAGCGTATGG-1	chr13.G1	2
GGTTCTCTCACTGGGC-1	chr3.G1	1
GTAACCAGTGAATGTA-1	chr7.G2	1
GTACAACCAGGGTCTC-1	chr1.G2	2
GTACAACGTTGTTGTG-1	chr5.G1	2
GTACAGTCAGTGCGCT-1	chr13.G1	1
GTACAGTCAGTGCGCT-1	chr7.G1	1
GTAGAGGCAAGCGAAC-1	chr19.G1	3
GTAGATCCAAAGCACG-1	chr7.G2	1
GTAGGAGCAGCGGTTC-1	chr11.G1	1
GTAGGAGGTTCCTAGA-1	chr16.G1	1
GTATTTCTCCAACCGG-1	chr9.G1	1
GTCATCCCATGACTCA-1	chr7.G2	1
GTCATGAAGCCGATCC-1	chr11.G1	1
GTCCTCAGTCACTTCC-1	chr3.G1	1
GTCCTCATCAGACAAA-1	chr17.G1	1
GTCGAATTCAACTTTC-1	chr14.G1	1
GTCGTTCAGCACGATG-1	chr18.G1	1
GTCTACCTCCTTACCG-1	chr1.G2	1
GTCTAGACAAGACGAC-1	chr17.G2	1
GTGAGGACACTGAGTT-1	chr10.G1	1
GTGCACGCAGTTGCGC-1	chr11.G1	1
GTGCACGGTAGACGTG-1	chr17.G2	1
GTGCAGCAGAGTTCGG-1	chr9.G1	1
GTGCAGCCAACGATTC-1	chr4.G1	1
GTGCGTGAGATTAGTG-1	chr6.G1	1
GTGCTGGCATTGTGCA-1	chr11.G1	3
GTGCTGGCATTGTGCA-1	chr9.G2	1
GTGCTTCGTGTGTTTG-1	chr12.G2	1
GTGGAGACAAGTGACG-1	chr5.G2	1
GTGGTTACATGGCGCT-1	chr13.G1	1
GTGTAACGTTCGCGTG-1	chr11.G2	1
GTGTGATAGCCATTTG-1	chr11.G1	1
GTGTGGCTCAACCTTT-1	chr8.G1	2
GTGTTAGGTAGGAGGG-1	chr6.G2	1
GTTACAGAGTAACCTC-1	chr5.G1	1
GTTACGAGTAGGTTTC-1	chr1.G2	1
GTTAGTGAGGCAGGGA-1	chr1.G2	2
GTTAGTGGTACAAAGT-1	chr2.G1	1
GTTATGGAGAGGTATT-1	chr7.G1	1
GTTCATTGTGGCCACT-1	chr14.G1	2
GTTCCGTAGATTGACA-1	chr8.G2	1
GTTCCGTGTTTCACTT-1	chr1.G1	1
GTTGCGGAGTTAGTAG-1	chr11.G1	1
GTTGTAGGTCCGGTGT-1	chr11.G1	1
GTTGTCCGTACACGTT-1	chr18.G1	2
GTTGTCCTCCCTGTTG-1	chr18.G1	1
GTTGTGAGTTATCTGG-1	chr19.G1	2
GTTGTGATCATGAGTC-1	chr17.G2	1
TAACACGGTACAAGCG-1	chr2.G2	3
TAACCAGGTTATGTGC-1	chr4.G1	2
TAACCAGTCGACCAAT-1	chr6.G1	1
TAACTTCCACAAGTGG-1	chr15.G1	2
TAAGCGTCAATACCCA-1	chr4.G1	1
TACAACGAGTAACCTC-1	chr6.G1	1
TACACCCGTCATCACA-1	chr12.G1	1
TACACCCTCGCCATAA-1	chr2.G1	2
TACATTCGTTATAGAG-1	chr1.G1	1
TACCTCGCATCTATCT-1	chr7.G2	1
TACCTCGGTAGGACTG-1	chr7.G1	1
TACCTGCCAGTTGCGC-1	chr10.G2	3
TACGCTCAGTGAGGCT-1	chr13.G2	1
TACGGGCTCAATCCAG-1	chr2.G2	2
TACTGCCCATGCGGTC-1	chr5.G1	2
TAGAGTCAGGTCGAGT-1	chr12.G1	2
TAGATCGCATGACAAA-1	chr19.G1	2
TAGATCGTCAAGTGGG-1	chr7.G1	1
TAGGAGGAGTAGTCAA-1	chr8.G1	2
TAGGAGGCAGACGATG-1	chr11.G1	1
TAGGGTTGTGACTATC-1	chr4.G1	3
TAGTGCAGTGGAACCA-1	chr2.G2	2
TATACCTAGGTAGGCT-1	chr5.G1	1
TATATCCAGAGCTGAC-1	chr16.G1	1
TATCGCCCATAGACTC-1	chr12.G2	1
TATCTTGCAGTATGAA-1	chr11.G1	1
TATTCCAAGGCCTGCT-1	chr14.G1	1
TATTCCACACATCCCT-1	chr4.G1	1
TATTGGGAGTGTTCAC-1	chr9.G2	2
TCAAGCAGTAGAATAC-1	chr19.G2	1
TCACAAGAGAGTCCGA-1	chr1.G1	1
TCACAAGTCTTTCTAG-1	chr13.G2	1
TCACACCAGCCTGAGA-1	chr10.G1	1
TCACATTAGTCTTGGT-1	chr2.G1	1
TCACGCTGTTTGGGTT-1	chr16.G2	1
TCACGGGCATGTGCCG-1	chr13.G2	4
TCACGGGGTCCAGCCA-1	chr11.G1	1
TCACTATCAATACCTG-1	chr1.G2	1
TCACTATGTGATTGGG-1	chr3.G1	1
TCACTCGGTCTTACAG-1	chr2.G1	1
TCAGCAAAGGCTAACG-1	chr19.G1	3
TCAGCAACACTAACCA-1	chr6.G1	1
TCAGGGCCAGATACCT-1	chr8.G1	1
TCAGGTACACTCTGCT-1	chr14.G1	1
TCAGGTAGTTGACGGA-1	chr7.G2	1
TCAGTCCAGCCTGACC-1	chr4.G2	3
TCATACTAGCGCTTCG-1	chr12.G1	3
TCATACTGTACAAACA-1	chr9.G1	1
TCATCCGGTTCCACGG-1	chr2.G1	2
TCATTACAGTACCATC-1	chr4.G1	3
TCATTACGTACTCGCG-1	chr16.G1	1
TCATTCATCCGTGTCT-1	chr7.G1	1
TCCACGTGTCTACGTA-1	chr8.G1	1
TCCAGAACATGTGTCA-1	chr3.G1	1
TCCAGAACATGTTCGA-1	chr9.G1	1
TCCATCGCAAATCAAG-1	chr17.G1	1
TCCCACAAGGCATTTC-1	chr19.G1	2
TCCCACAAGGTAGTAT-1	chr6.G1	1
TCCCAGTTCCCTTCCC-1	chr17.G1	1
TCCCATGTCTACACTT-1	chr9.G1	2
TCCTAATAGCGTCTGC-1	chr6.G1	2
TCCTAATCACGCGCAT-1	chr6.G1	2
TCCTCCCAGGTCTTTG-1	chr9.G1	1
TCCTCGATCGATCCAA-1	chr4.G2	1
TCCTCTTAGTTTAGGA-1	chr13.G1	1
TCCTGCAGTGAACGGT-1	chr4.G1	1
TCGAACAAGTCATGAA-1	chrX.G2	1
TCGAAGTGTGTGACCC-1	chrX.G1	1
TCGAAGTGTGTTTACG-1	chr4.G1	1
TCGACCTGTGAATTAG-1	chr5.G1	2
TCGACGGGTGATCATC-1	chrX.G2	1
TCGCACTAGCTAATGA-1	chr17.G1	1
TCGCTCATCTGGGCGT-1	chr16.G1	1
TCGGGCACAATGAGCG-1	chr5.G2	2
TCGGGCACATACCACA-1	chr14.G1	1
TCGGGCATCGCCTTTG-1	chr8.G1	1
TCGTGCTTCGAGGCAA-1	chr2.G1	1
TCGTGGGCAGTTGTTG-1	chr8.G1	1
TCTACATAGGATTACA-1	chr17.G1	3
TCTACATGTTTGTGGT-1	chr9.G1	1
TCTATACCAAGTACCT-1	chr18.G1	1
TCTATCAGTCGTACAT-1	chr3.G2	1
TCTCCGATCTGAGATC-1	chr4.G2	2
TCTTCCTGTACTCAAC-1	chr7.G1	1
TCTTCCTGTCGTACAT-1	chr4.G1	1
TCTTCCTGTTCCGCGA-1	chr8.G1	1
TCTTCCTTCCGAAGGA-1	chr11.G1	1
TCTTGCGAGGGTGAGG-1	chr1.G1	2
TGAATCGCACGACCTG-1	chr13.G2	1
TGAATCGTCTGGCTGG-1	chr13.G1	4
TGAATGCCATAGATGA-1	chr2.G1	1
TGACCCTCAGGTCTCG-1	chr8.G1	2
TGACCCTGTCACAGAG-1	chr15.G1	2
TGAGCGCTCTGAATGC-1	chr10.G2	2
TGAGGAGGTCTGTGGC-1	chr19.G1	1
TGAGGTTCATAGGAGC-1	chr17.G1	1
TGATGCAAGTAACCTC-1	chr3.G1	1
TGATTTCCAGGCGATA-1	chr17.G1	1
TGATTTCTCGCTTTAT-1	chr19.G1	1
TGCAGTATCCGATTAG-1	chr7.G1	1
TGCATCCCATGTTCAG-1	chr11.G1	2
TGCATCCTCTTGCATC-1	chr4.G1	1
TGCATGAAGACTACGG-1	chr10.G1	2
TGCGACGGTCGGAAAC-1	chr17.G1	1
TGCGACGTCGGTATGT-1	chr5.G1	3
TGCGGCAAGAGATTCA-1	chr11.G1	1
TGCGGCACACTATCGA-1	chr10.G2	1
TGCTGAAAGGCGAACT-1	chr12.G1	1
TGCTGAAGTACGTGTT-1	chr8.G1	1
TGGATGTCATTGCAAC-1	chr7.G1	2
TGGGAAGCAATTGAAG-1	chr3.G1	1
TGGGAGATCCAATGCA-1	chr2.G2	1
TGGGCGTCAGCCATTA-1	chr13.G1	2
TGGTACAAGATTGACA-1	chr11.G1	1
TGGTACAAGATTGACA-1	chr3.G1	1
TGGTAGTGTCCTCAGG-1	chr3.G1	1
TGTAACGTCCCGAGGT-1	chr10.G1	2
TGTCAGAAGTTGGCTT-1	chr18.G1	1
TGTCAGATCTCTCGCA-1	chr10.G1	1
TGTGCGGGTCTTCAAG-1	chrX.G2	1
TGTTGAGGTGAATTAG-1	chr8.G1	1
TGTTGGAAGGTTGTTC-1	chr7.G1	1
TGTTGGAGTAACATGA-1	chr11.G2	1
TGTTGGAGTAACGCGA-1	chr8.G2	1
TTACAGGTCCCGAAAT-1	chr15.G2	1
TTACAGGTCTCTATGT-1	chr5.G1	1
TTACCATAGCCTAACT-1	chr13.G1	1
TTACTGTAGTCCGCGT-1	chr1.G1	1
TTACTGTGTAGGAGTC-1	chr10.G1	1
TTAGGCACACGGCGTT-1	chr8.G2	1
TTAGGGTAGCCGCTTG-1	chr6.G1	1
TTAGTCTAGCATCAAA-1	chr18.G1	3
TTCAGGAGTTGTGCAT-1	chr10.G1	2
TTCAGGATCCGATGTA-1	chr17.G1	1
TTCATTGAGTGATAAC-1	chr18.G1	2
TTCCACGAGAATTGCA-1	chr2.G1	2
TTCCGGTAGGTGCTAG-1	chr5.G1	1
TTCCGGTCATTGCTGA-1	chr17.G2	4
TTCCTAAGTGATTCAC-1	chr11.G1	1
TTCCTTCGTTACGGAG-1	chr6.G1	1
TTCGCTGAGCGTGTCC-1	chr7.G2	1
TTCGGTCTCGAGCCAC-1	chr18.G1	1
TTCGGTCTCGCGTGAC-1	chr2.G1	1
TTCTCTCAGACTTCGT-1	chr14.G1	1
TTCTTGAAGCCTCGTG-1	chr6.G1	1
TTGAGTGCAGACGCTC-1	chr7.G1	1
TTGATGGAGGACCCAA-1	chr15.G2	1
TTGCATTCACTAACCA-1	chr15.G1	1
TTGGATGCAGCCGTTG-1	chr2.G1	2
TTGGATGTCCTCACTG-1	chr11.G1	1
TTGGGATGTTGTGCCG-1	chr14.G1	1
TTGTGGATCGCCTTGT-1	chr9.G1	1
TTGTTGTGTTGTAAAG-1	chr1.G1	2
TTTACCAGTTGCGGAA-1	chr1.G1	1
TTTATGCAGCAGTCTT-1	chr8.G1	1
TTTATGCTCGAACACT-1	chr6.G1	2
TTTCAGTCACGGTGAA-1	chr3.G1	2
TTTCGATCAATGAAAC-1	chr11.G1	1
TTTCGATCATACGCAT-1	chr3.G1	1
TTTGGAGCAAGAATAC-1	chr4.G2	1
TTTGGAGGTGGCCCAT-1	chr7.G1	1
TTTGGTTGTTCGGTCG-1	chr10.G1	1
AAACGAAGTACCAGAG-2	chr7.G1	2
AAACGCTTCGGTGTAT-2	chr10.G1	2
AAAGGATTCTCAATCT-2	chr11.G1	1
AAAGTCCAGGCGTTAG-2	chr9.G1	1
AAAGTCCTCCGCTGTT-2	chr2.G1	1
AAAGTCCTCCGCTGTT-2	chr5.G1	1
AAAGTCCTCTCCTACG-2	chr9.G2	1
AAAGTGAAGTCCCTAA-2	chr4.G2	1
AAAGTGAAGTCCCTAA-2	chr6.G1	1
AAAGTGACAGGTGTGA-2	chr11.G1	1
AACAACCAGCAGTAAT-2	chr7.G1	2
AACACACAGGCATGCA-2	chr8.G1	1
AACCATGTCATTGTGG-2	chr9.G1	1
AACCCAAAGGCACCAA-2	chr7.G1	1
AACGAAAGTTGGAGAC-2	chr7.G1	1
AACGGGACAGACGGAT-2	chr5.G2	1
AACGTCAGTCTGCGCA-2	chr7.G1	3
AACGTCATCAGCCCAG-2	chr7.G1	1
AACTTCTGTCGAGTTT-2	chr6.G1	1
AAGAACAAGCTGGTGA-2	chr19.G1	1
AAGACTCTCACTGTCC-2	chr17.G2	1
AAGCATCGTAAGATCA-2	chr1.G2	1
AAGCCATCACGTACTA-2	chrX.G2	1
AAGGAATCAGGGACTA-2	chr13.G2	4
AAGTCGTAGTCGAATA-2	chr6.G2	1
AAGTGAAGTGAGAACC-2	chr7.G2	1
AATCACGTCAGCTTCC-2	chr6.G1	1
AATGGAAGTCTACACA-2	chr8.G2	1
AATGGCTAGACCAACG-2	chr18.G2	1
AATGGCTAGAGATCGC-2	chr7.G2	1
ACAACCACAGAACTTC-2	chr18.G2	2
ACAGAAAAGTAAACTG-2	chr15.G1	1
ACAGCCGAGGAGGTTC-2	chr6.G1	2
ACAGGGACAGGAAGTC-2	chr7.G1	1
ACAGGGATCAAACGAA-2	chr14.G1	1
ACATCCCAGACTTCAC-2	chr9.G1	1
ACCAACATCAACCGAT-2	chr7.G2	1
ACCCAAAGTTGGGTAG-2	chr15.G1	1
ACCTACCAGAGCAAGA-2	chr9.G1	1
ACCTACCGTGAACGGT-2	chr11.G1	1
ACCTGAATCCGTGTGG-2	chr1.G2	1
ACGATGTAGTGAGCCA-2	chr5.G1	2
ACGATGTGTGACAGGT-2	chr4.G2	1
ACGATGTTCGGCTTCT-2	chr7.G1	3
ACGGTCGAGATGTTAG-2	chr13.G1	3
ACGGTCGCAGTCAACT-2	chrX.G1	1
ACGGTCGTCCCAAGCG-2	chr3.G1	1
ACGTCCTAGATAACAC-2	chr11.G1	1
ACTACGACAGCATCTA-2	chr6.G2	1
ACTATCTAGACGTCGA-2	chr2.G2	2
ACTATCTCAAGTTCCA-2	chr14.G1	2
ACTATGGCAAACGTGG-2	chr7.G1	1
ACTATTCGTCTCAGAT-2	chr7.G1	1
ACTCTCGTCTCTTAAC-2	chr6.G1	1
ACTGTCCTCTTACGTT-2	chr7.G2	1
ACTTAGGCACAAGCTT-2	chr8.G1	1
ACTTCGCGTGACTGTT-2	chr5.G2	2
ACTTTCAAGTTTGAGA-2	chr10.G2	2
AGAAATGAGTCGTCTA-2	chr14.G1	2
AGAAGCGAGACGACTG-2	chr9.G1	1
AGAAGTACAGAATGTA-2	chr19.G2	2
AGACAAACACAGCTGC-2	chr7.G1	1
AGACCCGCACAGCTGC-2	chr8.G2	2
AGACCCGCAGGTTACT-2	chr17.G1	2
AGACCCGTCAAGCCCG-2	chr1.G1	2
AGAGCAGGTAGCTTGT-2	chr1.G1	1
AGAGCCCCAGCTATTG-2	chr18.G1	2
AGATCCACAACCGTAT-2	chr7.G1	4
AGATCGTAGGCTCAAG-2	chr17.G1	1
AGATCGTAGTAAAGCT-2	chr2.G1	1
AGATGAAGTGCATGTT-2	chr2.G1	3
AGCATCAGTCTCGGAC-2	chr11.G1	1
AGCCAATCACACTGGC-2	chr7.G2	1
AGCCAGCAGCCAAGCA-2	chr7.G2	1
AGCGATTAGAAAGTCT-2	chr7.G1	1
AGCGCCACAACTGTGT-2	chr8.G1	1
AGCGCCACACTCTAGA-2	chr17.G2	1
AGCGCTGAGGTCATTC-2	chr17.G1	1
AGCGTCGCAGCGGATA-2	chr5.G1	1
AGCTCAAAGCATATGA-2	chr7.G2	1
AGCTCAAAGCGCGTTC-2	chr5.G1	1
AGCTCAACACACGGTC-2	chr19.G1	1
AGCTCAATCCATCACC-2	chr9.G1	1
AGGAAATTCGCAGTTA-2	chr7.G1	1
AGGACTTTCTACTTCA-2	chr9.G1	1
AGGAGGTTCACTTGTT-2	chr12.G2	1
AGGATAAGTATGGTTC-2	chr11.G1	4
AGGATCTAGACAAGCC-2	chr3.G1	1
AGGCATTTCAGACCCG-2	chr5.G2	1
AGGCCACTCTGTTCAT-2	chr17.G1	1
AGGCTGCGTATAGGGC-2	chr1.G1	2
AGGGAGTAGATGCCGA-2	chrX.G1	1
AGGGAGTCAACGCATT-2	chr8.G1	1
AGGGAGTTCATGGAGG-2	chr19.G1	1
AGGTTGTGTTAAAGTG-2	chr5.G2	1
AGTACTGAGCGAACTG-2	chr17.G2	1
AGTACTGGTATGGTAA-2	chr14.G1	1
AGTAGCTAGCGATGGT-2	chr17.G2	2
AGTAGCTAGTCTACCA-2	chr11.G1	1
AGTCACACAGTCCCGA-2	chr10.G1	1
AGTCATGCATGTGGTT-2	chr15.G1	1
AGTCATGTCACCGGTG-2	chr13.G1	2
AGTGCCGTCAAGTCTG-2	chr14.G1	3
AGTTCCCTCCTAGCCT-2	chr9.G1	2
AGTTCGAAGCACTCTA-2	chr4.G1	1
ATACTTCCACGGTCTG-2	chr18.G1	1
ATAGAGATCGTGCTCT-2	chr14.G1	1
ATCACTTTCCATATGG-2	chr13.G2	2
ATCAGGTAGGCTAACG-2	chr6.G1	1
ATCAGGTGTCTTGCGG-2	chr7.G1	1
ATCCCTGAGGTCATAA-2	chr5.G1	2
ATCCGTCAGCTAGAAT-2	chr4.G1	1
ATCCGTCCATGAAGCG-2	chr17.G2	3
ATCCTATAGGTGCGAT-2	chr4.G1	1
ATCGGCGAGGCACTCC-2	chr14.G1	2
ATCGGCGTCTAGTTCT-2	chr10.G1	1
ATCGTAGAGGAGTCTG-2	chr6.G2	1
ATCTCTACACCGTCTT-2	chr15.G1	1
ATCTCTACAGGACTTT-2	chr19.G1	1
ATCTTCATCATCACAG-2	chr16.G1	1
ATCTTCATCGGCGATC-2	chr7.G2	1
ATGAAAGAGGTAGCAC-2	chr10.G1	2
ATGAAAGAGTCGAATA-2	chr11.G1	1
ATGAAAGTCTAAGAAG-2	chr3.G2	1
ATGAAAGTCTGGTCAA-2	chr16.G1	1
ATGACCATCATAAGGA-2	chr13.G1	1
ATGAGTCAGTCCCAGC-2	chr8.G1	1
ATGCATGGTTGTGCAT-2	chr17.G1	1
ATGCCTCCAACACGAG-2	chr13.G1	1
ATGCCTCGTTCAACGT-2	chr7.G1	2
ATGGAGGAGCTGTACT-2	chr8.G1	1
ATGGAGGAGGATGAGA-2	chr3.G1	1
ATGGATCCACACCTTC-2	chr5.G1	1
ATGGGTTGTTACCCAA-2	chr10.G1	2
ATGGTTGCAGTAGTTC-2	chr9.G1	1
ATGTCTTTCCATTGTT-2	chr14.G1	1
ATTACTCCACAGAGCA-2	chr3.G2	1
ATTCAGGGTCCAAGAG-2	chr8.G2	2
ATTGGGTAGTCATCCA-2	chr2.G1	1
ATTGGGTGTCTCTCAC-2	chr1.G1	1
ATTTACCGTTAGGCTT-2	chr14.G1	1
ATTTCTGCAACAAGTA-2	chr4.G1	1
CAAAGAACACTTGTCC-2	chr7.G1	1
CAACAGTTCCTATGGA-2	chr7.G1	1
CAACGGCCATCTTTCA-2	chr6.G2	1
CAAGCTATCGCAAGAG-2	chr19.G1	2
CAAGCTATCGCGTAGC-2	chr7.G1	1
CACAACACAAGGTTGG-2	chr8.G1	2
CACAACACAAGGTTGG-2	chr9.G1	1
CACAGATAGCGTTAGG-2	chr5.G1	1
CACAGATAGTCGTTAC-2	chr5.G1	1
CACAGATTCAGCCCAG-2	chr16.G1	2
CACAGGCAGGTCCTGC-2	chr5.G2	2
CACCAAATCAGCATTG-2	chr1.G2	1
CACCGTTTCGGACCAC-2	chr7.G2	3
CACCGTTTCTTCCAGC-2	chr7.G2	3
CACGGGTAGTAAAGCT-2	chr11.G1	1
CACGTGGCAACATACC-2	chr8.G1	1
CACTAAGTCATTCGTT-2	chr15.G1	1
CACTGAAGTTGCGGAA-2	chr14.G1	1
CACTGAATCTGAGGCC-2	chr7.G2	1
CACTTCGAGCGTGCTC-2	chr17.G1	3
CACTTCGCATCACCAA-2	chr3.G1	1
CACTTCGTCACTGGTA-2	chr5.G1	1
CAGCAATCAATACCCA-2	chr18.G1	1
CAGCCAGCAGTTACCA-2	chr12.G1	1
CAGGCCAAGGTAGCAC-2	chr19.G1	1
CAGGGCTCAAATGAGT-2	chr10.G1	1
CAGGTATCACGTAACT-2	chr13.G1	1
CAGTGCGCATAGGAGC-2	chr9.G1	1
CAGTTAGCAGCTCATA-2	chr12.G1	1
CAGTTAGGTAGGTTTC-2	chr15.G1	1
CAGTTCCTCGCATGAT-2	chr13.G1	3
CATAAGCGTGTTCGAT-2	chr15.G1	1
CATACAGCACGTAACT-2	chrX.G1	3
CATACAGGTAATCAGA-2	chr17.G2	1
CATAGACCAGTCTGGC-2	chr6.G1	1
CATCCACCACAGAGCA-2	chr4.G1	1
CATCCCAAGATAGCTA-2	chr9.G1	1
CATGCAACACTTCCTG-2	chr7.G2	1
CATGCAACATGGAACG-2	chr6.G1	1
CATTCATTCGAGTACT-2	chr11.G1	2
CATTCCGGTATACCTG-2	chr7.G1	1
CATTCTATCAGTCTTT-2	chr7.G2	1
CATTGAGAGTCTTCGA-2	chr5.G1	3
CATTGCCTCATGGGAG-2	chr11.G2	1
CATTGTTCAACTCATG-2	chr7.G2	1
CCACAAAGTCTTTATC-2	chr15.G1	1
CCACACTAGCTCCCTT-2	chr8.G2	1
CCACCATTCGACCATA-2	chr13.G1	1
CCACGAGTCAAGTAAG-2	chr15.G1	1
CCCAACTTCTGCTTTA-2	chr9.G1	1
CCCATTGTCATCGGGC-2	chr7.G1	1
CCCGAAGAGCTGCCAC-2	chr6.G1	1
CCCGAAGTCATCCCGT-2	chr9.G1	1
CCCGAAGTCCACGTGG-2	chr10.G1	1
CCCGGAAGTAGGTGCA-2	chr5.G2	3
CCCTCAAAGATCCGAG-2	chr4.G1	2
CCCTCTCCAAATTAGG-2	chr1.G1	1
CCCTGATGTATAGGGC-2	chr6.G1	1
CCCTTAGAGCAACCAG-2	chr4.G1	1
CCCTTAGCACACACTA-2	chr15.G2	1
CCCTTAGTCATTGTTC-2	chr4.G1	1
CCGAACGCATGACGAG-2	chr7.G1	1
CCGATCTTCACTGATG-2	chr11.G1	1
CCGGGTACAGAACGCA-2	chr19.G1	1
CCGGTGAGTTATGTGC-2	chr13.G1	1
CCGTGAGGTAGCGCTC-2	chr7.G1	1
CCGTGAGTCTATCGGA-2	chr7.G2	1
CCGTTCAGTGACTATC-2	chr13.G1	2
CCTCAGTTCCCATTTA-2	chr6.G2	1
CCTCATGTCCGTCACT-2	chr8.G2	2
CCTCTCCAGGAATTAC-2	chr5.G2	1
CCTGTTGCACTAACCA-2	chr11.G1	1
CCTTCAGGTGGAACAC-2	chr17.G1	2
CCTTGTGAGGCACTCC-2	chr7.G1	1
CCTTTGGAGTAAACAC-2	chr4.G2	1
CGAAGTTCATACACCA-2	chr8.G1	1
CGACAGCTCAATCCGA-2	chr19.G1	1
CGAGAAGAGGATATAC-2	chr2.G1	1
CGAGGAACAGGATGAC-2	chr17.G1	1
CGAGGAACATGTTTGG-2	chr5.G2	3
CGAGTTAGTTAATCGC-2	chr19.G1	1
CGAGTTAGTTCTGACA-2	chr10.G1	1
CGATGGCTCTCCGTGT-2	chr7.G1	1
CGCATAAGTGTTCGTA-2	chr9.G1	1
CGCATGGGTGATAGTA-2	chr9.G2	1
CGCCATTCAATTTCTC-2	chr13.G1	2
CGCGTGACAACATACC-2	chr2.G1	1
CGCGTGATCACGAACT-2	chr13.G2	4
CGGAACCGTCCGCAGT-2	chr6.G1	1
CGGAATTCACCCTTAC-2	chr7.G1	1
CGGACACCAGAATTCC-2	chr2.G2	1
CGGACACCAGAATTCC-2	chr5.G1	2
CGGACACTCTTTGCTA-2	chr7.G2	1
CGGGACTTCTGGGCAC-2	chr7.G1	1
CGGGACTTCTGGGCAC-2	chr7.G2	1
CGGGCATTCCATCAGA-2	chr17.G1	1
CGGGTGTTCTTTCCGG-2	chr3.G2	2
CGTAGTAGTTGCCTAA-2	chr17.G2	1
CGTCAAAGTTCAAACC-2	chr16.G2	1
CGTCAAATCATGAGTC-2	chr10.G2	1
CGTGATATCTGGTTGA-2	chr19.G1	1
CGTTCTGAGCAAGGAA-2	chr16.G2	1
CGTTCTGCATCCTGTC-2	chr2.G1	1
CGTTCTGTCGTCGGGT-2	chr7.G1	1
CTAACTTTCGCGGACT-2	chr17.G1	1
CTAACTTTCGCGGACT-2	chr3.G1	1
CTACATTTCGACGTCG-2	chr12.G2	1
CTACCTGAGAATCTAG-2	chr7.G2	1
CTACCTGGTGAATATG-2	chrX.G2	1
CTACTATGTGTCCATA-2	chr8.G1	1
CTACTATGTTTGTGGT-2	chr11.G1	1
CTACTATTCAGTCACA-2	chr13.G2	4
CTAGACAAGAGCTTTC-2	chr9.G1	1
CTAGGTACAAATTGGA-2	chr12.G1	1
CTATAGGCATGAAGGC-2	chr14.G1	2
CTATAGGGTGAGGAAA-2	chr11.G1	1
CTATCTAAGGTAGATT-2	chr5.G1	1
CTCAACCCAAACTCGT-2	chr10.G1	1
CTCAAGAGTCATCGGC-2	chr19.G1	2
CTCAATTCAACTGCTA-2	chr14.G1	1
CTCAGAAAGCTGAAGC-2	chr8.G1	1
CTCAGAACACCTTCGT-2	chr5.G1	1
CTCAGGGCACGAAGAC-2	chr5.G1	1
CTCAGTCAGGAACTAT-2	chrX.G1	1
CTCAGTCCATGTGGCC-2	chr19.G2	2
CTCAGTCGTGGATCAG-2	chr4.G1	1
CTCATCGAGCGCAATG-2	chr10.G1	1
CTCATCGCATAGTCGT-2	chr11.G2	1
CTCATGCGTTCTCAGA-2	chr7.G2	1
CTCCAACCAATTAGGA-2	chr10.G1	1
CTCCATGAGGAAGTCC-2	chr5.G1	1
CTCCCAAAGCTGTGCC-2	chrX.G1	2
CTCCTCCGTTGCATGT-2	chr9.G1	2
CTCCTTTCAGAATGTA-2	chr7.G1	1
CTCTGGTGTCCTATAG-2	chr1.G2	1
CTGAGCGGTTATGTCG-2	chr5.G1	1
CTGAGCGTCATAGGCT-2	chr11.G1	1
CTGATCCCACGCTGCA-2	chr7.G1	1
CTGCATCGTAACTAAG-2	chr13.G1	1
CTGCCTATCTTAGCTT-2	chr18.G1	1
CTGGACGGTGACCGAA-2	chr1.G2	1
CTGGCAGAGACAAGCC-2	chr3.G1	1
CTGGTCTGTCCGGTCA-2	chr9.G1	1
CTGGTCTTCAAGTGGG-2	chr15.G2	1
CTGTATTCACTAGGCC-2	chr7.G2	2
CTGTCGTCAAATGCGG-2	chr2.G1	2
CTTAGGACAGGCATGA-2	chr12.G1	1
CTTCCGATCTCACCCA-2	chr5.G1	1
CTTCTAAAGAATCGAT-2	chr7.G2	2
CTTCTCTAGACTCGAG-2	chr4.G1	1
CTTCTCTAGTCTCTGA-2	chr15.G2	2
CTTGATTAGGCTCTAT-2	chr11.G1	1
CTTGATTCACACACGC-2	chr13.G1	1
CTTTCAACAGTCGTTA-2	chr16.G1	1
GAAATGACACGTAGTT-2	chr5.G2	1
GAACACTCAACCCTCT-2	chr3.G1	1
GAACGTTCAGGTCAAG-2	chr16.G1	1
GAACTGTAGCTGCCTG-2	chr13.G1	1
GAACTGTAGGGAGTGG-2	chr13.G2	1
GAACTGTTCACTTATC-2	chr2.G1	1
GAACTGTTCTTCTGTA-2	chr7.G1	1
GAAGAATCACAGCTTA-2	chr7.G1	1
GAAGCGAAGAGGGCGA-2	chr7.G1	1
GAAGCGAGTTATGACC-2	chr14.G2	1
GAAGGACTCCGAGTGC-2	chr7.G1	1
GAATCACCACGCTGAC-2	chr12.G1	1
GACACGCAGTCTAGCT-2	chr7.G1	1
GACACGCTCTAAACGC-2	chr10.G2	1
GACATCAAGGTTCAGG-2	chr2.G1	1
GACATCATCCTACCGT-2	chr6.G1	2
GACCAATCATTGCTTT-2	chr10.G1	1
GACCGTGCAGTGGGTA-2	chr4.G1	1
GACGTTATCAGATTGC-2	chr8.G1	1
GACTATGGTAAGCTCT-2	chr17.G2	1
GACTGATTCGGCCCAA-2	chr11.G1	1
GAGAGGTTCATTTACC-2	chr16.G1	1
GAGAGGTTCTCTCCGA-2	chr7.G1	1
GAGATGGTCGGTGTTA-2	chr11.G2	2
GAGGCAAAGATTAGCA-2	chr16.G1	1
GAGGGATCAGGACAGT-2	chr18.G2	1
GAGGGATCATCCTGTC-2	chr6.G1	1
GAGTCATAGAAACCAT-2	chr10.G1	1
GAGTCATAGATTAGTG-2	chr16.G2	1
GATAGAAAGCGTTACT-2	chr5.G1	1
GATAGAATCATTTCCA-2	chr3.G1	2
GATAGCTAGGCATTTC-2	chr10.G1	1
GATAGCTCACACACGC-2	chr4.G1	1
GATCACAAGCTGGCCT-2	chr6.G1	1
GATCAGTGTCATGGCC-2	chr8.G1	1
GATCATGAGACTACGG-2	chr19.G1	4
GATCATGTCTATGCCC-2	chr4.G2	1
GATCCCTGTCATCAGT-2	chr9.G1	1
GATCCCTTCGCGATCG-2	chr7.G1	1
GATGCTACAACCCGCA-2	chr7.G1	3
GATTCTTAGCGAGAAA-2	chr5.G1	1
GCAACCGAGCGAGTCA-2	chr6.G1	1
GCACGTGAGTTACTCG-2	chr8.G1	1
GCACTAATCACCACAA-2	chr5.G2	1
GCACTAATCCTCTAAT-2	chr6.G1	1
GCAGCCACAAGCGGAT-2	chr11.G1	2
GCAGGCTCAAGCCTGC-2	chr17.G1	1
GCATCGGTCCGATAGT-2	chr2.G2	1
GCCAGCAAGGAAGAAC-2	chr12.G2	1
GCCGTGAGTACAGTTC-2	chr10.G1	1
GCCTGTTCAGGCTCTG-2	chr5.G1	1
GCCTGTTGTTAGAGTA-2	chr16.G1	1
GCGAGAAGTCCGAAAG-2	chr4.G1	1
GCGAGAATCCTCTAAT-2	chr7.G2	1
GCGATCGCAGTAGAAT-2	chr16.G1	4
GCGTGCAAGGACAAGA-2	chr14.G1	1
GCTTCACGTTTGGAGG-2	chr7.G2	2
GCTTTCGCAATTGTGC-2	chr1.G1	3
GGAATCTGTGCCGTTG-2	chr2.G1	1
GGAATGGGTACCTAAC-2	chr11.G1	1
GGAGAACCAATCGCCG-2	chr11.G2	1
GGCTGTGGTATGAGAT-2	chr5.G2	1
GGGAAGTGTAGGCTCC-2	chr16.G2	1
GGGAAGTGTAGGCTCC-2	chr4.G1	1
GGGACAACAGAGGGTT-2	chr5.G1	1
GGGACCTGTACCTGTA-2	chr3.G1	1
GGGAGATGTCGCGGTT-2	chr5.G1	1
GGGAGTAAGGTAAACT-2	chr7.G2	2
GGGATGACATCATCTT-2	chr7.G1	1
GGGCCATGTCAGTCGC-2	chr10.G1	1
GGGCGTTAGGCCTTCG-2	chr7.G2	1
GGGTATTTCCACACCT-2	chr2.G1	1
GGGTCACAGTAAACGT-2	chr8.G2	1
GGGTGTCGTGACAACG-2	chr6.G1	1
GGGTGTCTCCACAAGT-2	chr5.G1	1
GGGTTTACATGAGGGT-2	chr11.G1	1
GGTAACTGTCGAATTC-2	chr13.G1	1
GGTAACTTCCTGTTAT-2	chr16.G1	1
GGTAATCCAATTGCAC-2	chr3.G1	2
GGTCACGTCAAAGCCT-2	chr18.G1	1
GGTTGTAAGGTCTACT-2	chr9.G1	1
GGTTGTAGTTGGACTT-2	chr7.G1	1
GTAACACTCTAAACGC-2	chr7.G2	1
GTAACCACATAACGGG-2	chr4.G1	1
GTACAACAGATGAACT-2	chr10.G1	1
GTACAACTCCTTTAGT-2	chr2.G1	1
GTAGAAAAGAGCCTGA-2	chr11.G1	1
GTAGAAAAGCGCCATC-2	chr14.G1	2
GTAGAGGAGTAACAGT-2	chr9.G2	3
GTAGGAGGTGTTCAGT-2	chr8.G1	2
GTATTTCGTTATCTTC-2	chr6.G1	1
GTCAAACTCTCAGTCC-2	chr4.G1	2
GTCACGGGTTCTCCCA-2	chr11.G2	1
GTCATCCTCGGACTGC-2	chr19.G2	1
GTCATGAGTCGGAACA-2	chr10.G1	1
GTCCACTGTAGTCACT-2	chr10.G1	1
GTCTAGAAGGCATCTT-2	chr18.G1	4
GTCTCACGTCGATTCA-2	chr10.G1	1
GTCTCACTCATGGTAC-2	chr12.G1	1
GTCTTTAAGTGCCAGA-2	chr2.G1	1
GTCTTTACAACCACAT-2	chr9.G2	1
GTGAGCCTCTCGGTCT-2	chr1.G1	1
GTGAGGATCGGCGATC-2	chr10.G1	1
GTGCAGCGTCTACGAT-2	chr6.G2	2
GTGGAAGGTGTGACCC-2	chr3.G1	1
GTGGAAGTCTCGACGG-2	chr13.G2	1
GTGGAAGTCTCTGACC-2	chr19.G2	1
GTGTTAGGTAATGATG-2	chr4.G2	2
GTGTTAGGTACAGCGA-2	chr2.G1	1
GTGTTCCCACACACGC-2	chr11.G1	3
GTTACAGCATGTGGTT-2	chr7.G2	3
GTTACAGTCAGCAATC-2	chr6.G1	1
GTTAGACCACCACATA-2	chr5.G1	1
GTTAGACCAGTGGCTC-2	chr13.G1	1
GTTAGTGAGTTAACAG-2	chr17.G2	1
GTTCTATTCGTAACTG-2	chr17.G1	1
GTTGCGGTCCACTGGG-2	chr3.G1	1
GTTGTCCGTACTTCCC-2	chr11.G1	1
GTTGTCCGTATCGCTA-2	chr11.G1	1
GTTGTGACAGGCATGA-2	chr5.G1	2
GTTTACTGTTTCGTTT-2	chr5.G1	1
GTTTGGATCCATTCGC-2	chr13.G2	1
TAACACGTCCGCCTAT-2	chr3.G2	1
TAAGCACTCCCATAGA-2	chr10.G1	1
TAAGCCAGTGGCTGCT-2	chr15.G1	1
TAAGCCATCAACGAGG-2	chr8.G1	1
TAAGTCGGTAACGCGA-2	chr9.G1	1
TAATTCCCATAGGCGA-2	chr2.G2	1
TAATTCCGTGAGTCAG-2	chr7.G1	1
TACATTCAGAGTGGCT-2	chr16.G1	1
TACATTCCAAGACCTT-2	chr9.G1	1
TACCCACTCATCGGGC-2	chr7.G2	2
TACTGCCGTAAGCAAT-2	chr7.G1	1
TACTGCCGTGCCGTTG-2	chr1.G1	4
TACTTACAGGAGATAG-2	chr5.G1	1
TACTTACTCCAACTGA-2	chr8.G1	3
TAGAGTCAGCAGCCTC-2	chr18.G2	1
TAGATCGCACGTTCGG-2	chr7.G1	1
TAGGGTTTCAGGCGAA-2	chr6.G1	1
TAGTGCACAGCAGTGA-2	chr7.G1	1
TAGTGCAGTGGTACAG-2	chr17.G1	3
TAGTGCATCATCACAG-2	chr11.G1	1
TATACCTCACGGTGAA-2	chr5.G1	2
TATATCCCAGGTATGG-2	chr8.G1	1
TATCGCCTCCAAGCCG-2	chr3.G2	1
TATTGGGAGACTACCT-2	chr5.G1	1
TATTTCGAGTACTCGT-2	chr15.G2	1
TCAAGTGAGAGCATCG-2	chr5.G1	1
TCAAGTGGTAGCCCTG-2	chr9.G1	1
TCACATTAGCATGTTC-2	chr16.G2	1
TCACGGGAGCTGGCCT-2	chr5.G1	3
TCAGGGCAGGGCAATC-2	chr4.G2	1
TCAGGGCTCGATTTCT-2	chr12.G2	1
TCAGGTAAGGTAGATT-2	chr3.G1	1
TCAGTTTAGCTACGTT-2	chr17.G1	1
TCATATCCATAGTCGT-2	chr5.G2	1
TCATCATGTCAAAGCG-2	chr3.G1	1
TCATCATGTTGATCGT-2	chr6.G1	2
TCATCCGAGTTCGCAT-2	chr3.G1	1
TCCACCATCACCATGA-2	chr15.G2	1
TCCACGTAGTCAATCC-2	chr7.G1	1
TCCAGAAGTGGCCACT-2	chr3.G1	1
TCCATCGTCATGGAGG-2	chr18.G2	2
TCCCAGTCAGAGTTCT-2	chr4.G1	2
TCCGATCAGTAGGATT-2	chr1.G1	1
TCCTCCCCATTGACAC-2	chr2.G2	2
TCCTCGACATGCCGAC-2	chr9.G1	1
TCCTCTTAGTAGTGCG-2	chr9.G1	1
TCCTCTTCAAGTGGGT-2	chr3.G1	2
TCCTCTTCAGGGTCTC-2	chr7.G2	1
TCCTGCATCTACCAGA-2	chr1.G2	1
TCCTTCTAGCAGGTCA-2	chr12.G2	1
TCGAAGTCACGCGTGT-2	chr11.G1	3
TCGAAGTTCCGAGAAG-2	chr9.G1	3
TCGACCTGTACCCAGC-2	chr3.G2	1
TCGATTTGTAAGATTG-2	chrX.G2	1
TCGCACTGTGCATTTG-2	chr17.G1	1
TCGCACTTCGCATAGT-2	chr17.G1	1
TCGCACTTCGCATAGT-2	chr18.G1	2
TCGCACTTCTGGGCAC-2	chr7.G1	1
TCGCAGGCAAGTATAG-2	chr7.G1	1
TCGCTTGGTATGTGTC-2	chr1.G1	2
TCGCTTGGTCCGGCAT-2	chr6.G1	2
TCGGATAGTCAAAGTA-2	chr6.G1	2
TCGGATAGTGCCTGCA-2	chr16.G1	1
TCGGATATCAAAGGAT-2	chr7.G1	2
TCGGATATCTTCGATT-2	chr9.G1	1
TCGGGCAAGCGTGCCT-2	chr19.G1	1
TCGGGCAGTTCCTAAG-2	chr1.G1	1
TCGGTCTCATGCACTA-2	chr7.G2	1
TCGTGGGTCTCGTTTA-2	chr13.G2	3
TCTAACTGTCACTCAA-2	chr4.G1	1
TCTACATGTCGGTACC-2	chr4.G2	1
TCTACCGCAACCGTGC-2	chr19.G1	2
TCTATACCAGCTCCTT-2	chr2.G1	2
TCTATCATCCTCAGAA-2	chr11.G1	1
TCTCTGGCAGATTCGT-2	chr2.G1	3
TCTCTGGCATCTGGGC-2	chr5.G1	1
TCTGCCAAGCCTAGGA-2	chr9.G1	1
TCTGGCTAGAGCCGTA-2	chr4.G1	1
TCTGTCGAGGTGATAT-2	chr8.G1	1
TCTGTCGCAAGTTCCA-2	chr4.G1	3
TCTGTCGGTTACAGCT-2	chr5.G1	1
TCTTCCTCAAAGAGTT-2	chr10.G1	2
TCTTGCGGTACGAGTG-2	chr7.G2	1
TCTTGCGGTGGACCAA-2	chr11.G1	2
TGAATGCTCGCCAGAC-2	chr6.G1	1
TGACAGTAGTAGTCTC-2	chr4.G1	1
TGACTCCCAACGATCT-2	chr8.G2	1
TGACTCCCAGGACTTT-2	chr10.G1	1
TGACTCCGTGGCTGAA-2	chr17.G2	1
TGAGACTTCGCCAGAC-2	chr6.G2	1
TGAGGAGCAGCCTATA-2	chr7.G1	1
TGAGGAGCATAGTCAC-2	chr4.G2	1
TGAGGGATCTTCTCAA-2	chr4.G1	1
TGATCAGGTACGGATG-2	chr7.G1	1
TGATTTCGTTGTGGAG-2	chr5.G1	1
TGCAGATCAACGTTAC-2	chr9.G2	1
TGCAGGCAGACCATTC-2	chr1.G1	1
TGCAGTACACTTGGGC-2	chr5.G2	2
TGCATGACAAATCGGG-2	chr4.G1	1
TGCGACGAGCCGTAAG-2	chr4.G1	1
TGCGATATCGCTTACC-2	chr5.G1	1
TGCGGGTTCTATCGTT-2	chr17.G2	1
TGCTCCATCAGGGATG-2	chr6.G1	1
TGCTGAACAGTCTCTC-2	chr6.G1	1
TGGAGAGAGATAGTGT-2	chr10.G1	1
TGGAGGACAGTATACC-2	chr8.G2	2
TGGATCATCTAACGGT-2	chr7.G1	1
TGGCGTGGTATCGTTG-2	chr5.G1	3
TGGGCTGAGATACTGA-2	chrX.G2	1
TGGGCTGCAGTCTGGC-2	chr14.G1	1
TGGGTTATCCGGACTG-2	chr7.G2	1
TGGTAGTCAGAAGCTG-2	chr2.G2	2
TGGTAGTTCTCTATGT-2	chr11.G1	1
TGGTTAGAGCCGTTGC-2	chr9.G1	1
TGTAACGGTAGACAAT-2	chr7.G1	1
TGTAACGGTGGCTTAT-2	chr15.G1	1
TGTCCACAGTAGGCCA-2	chr11.G1	2
TGTCCTGCACAAGCTT-2	chr1.G1	1
TGTGGCGCAAAGGGTC-2	chr1.G1	1
TGTGTGAAGTTCCAGT-2	chr4.G1	1
TGTTACTGTCGTCTCT-2	chr12.G2	1
TGTTCCGCAGGATGAC-2	chr4.G1	2
TGTTCTAAGCCACTCG-2	chr11.G1	1
TGTTCTATCCAACTGA-2	chr19.G1	1
TGTTCTATCTAGGAAA-2	chr14.G1	1
TTAATCCAGACTTCGT-2	chr4.G1	1
TTACAGGAGGCATGCA-2	chr18.G1	1
TTACCATAGACACACG-2	chr17.G2	3
TTACCGCGTATCGATC-2	chr7.G1	1
TTACGTTAGGGACACT-2	chr5.G1	2
TTATTGCAGCTAGTTC-2	chr16.G2	1
TTCAATCTCAGACCGC-2	chr14.G1	2
TTCACCGCAAGTTGGG-2	chr10.G1	4
TTCACGCTCTCTTAAC-2	chr3.G1	1
TTCAGGAGTAACACGG-2	chr8.G1	1
TTCATTGAGTCTGTAC-2	chr13.G2	2
TTCATTGCATCAGCGC-2	chr6.G1	1
TTCCACGCAGGATCTT-2	chr6.G1	2
TTCCGGTAGCAATTCC-2	chr7.G1	1
TTCCGGTCACCTATCC-2	chr14.G1	1
TTCCGTGGTTGCTAGT-2	chr13.G1	1
TTCCTAAGTACGCGTC-2	chr10.G1	1
TTCCTAAGTACGCGTC-2	chr3.G1	1
TTCCTAAGTCGTGCCA-2	chr8.G1	1
TTCGGTCGTTGTGGAG-2	chr15.G1	1
TTGACCCGTTGGCCTG-2	chr10.G1	2
TTGACCCGTTGGCCTG-2	chr17.G1	1
TTGCGTCAGGGTGGGA-2	chr14.G1	1
TTGGATGCACTATGTG-2	chr6.G1	1
TTGGATGGTAGTCTGT-2	chr9.G2	1
TTGGGATAGCTGGTGA-2	chr4.G1	1
TTGGGATTCCACACCT-2	chr14.G2	3
TTGGGTAGTCGGTAAG-2	chr8.G1	1
TTGGTTTAGTCGGCAA-2	chr4.G1	2
TTGTGTTCAAAGGGCT-2	chr8.G1	1
TTGTGTTCAGTCGTTA-2	chr12.G1	2
TTGTTCACAACGACAG-2	chr11.G2	3
TTGTTCACAGAGCCCT-2	chr17.G1	1
TTTACGTCAGGAACCA-2	chr14.G1	3
TTTAGTCTCATCAGTG-2	chr5.G1	2
TTTATGCGTCAACGCC-2	chr14.G2	1
TTTCAGTTCAACGCTA-2	chr15.G1	1
TTTCAGTTCCTACGAA-2	chr8.G2	1
TTTCATGTCATGAGAA-2	chr11.G1	2
TTTGACTCAGAATGTA-2	chr18.G2	1
TTTGGAGCAGCGACAA-2	chr8.G2	1
TTTGTTGAGTCATCCA-2	chr2.G1	1
TTTGTTGGTAACCCTA-2	chr15.G2	2
TTTGTTGGTCAGATTC-2	chr12.G1	2
TTTGTTGGTGGTCTTA-2	chr7.G1	1
TTTGTTGTCCCTAGGG-2	chr7.G1	1
